symbol,timestamp,open,high,low,close,volume
300750.SZ,20200102,38.84,39.76,38.01,39.02,206116
300750.SZ,20200103,39.02,40.5,38.16,40.14,180842
300750.SZ,20200106,41.12,42.89,39.17,39.89,265002
300750.SZ,20200107,39.84,40.19,38.96,39.56,135075
300750.SZ,20200108,39.84,41.23,38.78,40.17,192241
300750.SZ,20200109,41.51,43.45,40.4,43.17,201644
300750.SZ,20200110,42.73,42.73,41.33,42.23,144280
300750.SZ,20200113,43.73,45.11,42.73,44.23,215974
300750.SZ,20200114,45.68,46.37,43.27,43.56,217685
300750.SZ,20200115,43.56,44.61,41.62,43.34,177587
300750.SZ,20200116,43.73,44.01,42.53,43.95,129342
300750.SZ,20200117,43.93,44.59,42.62,43.22,146624
300750.SZ,20200120,43.17,48.77,42.01,47.73,248922
300750.SZ,20200121,47.34,47.62,46.21,46.87,142671
300750.SZ,20200122,46.87,53.63,45.61,53.63,349916
300750.SZ,20200123,52.89,55.39,48.78,51.82,359862
300750.SZ,20200203,49.59,58.99,49.56,54.48,526346
300750.SZ,20200204,60.27,62.01,57.07,62.01,359136
300750.SZ,20200205,67.16,70.28,66.12,70.28,530824
300750.SZ,20200206,65.4,73.67,64.28,73.67,579190
300750.SZ,20200207,71.51,73.36,67.59,68.28,454995
300750.SZ,20200210,68.73,72.94,68.17,71.09,375409
300750.SZ,20200211,72.17,72.62,66.84,67.28,339946
300750.SZ,20200212,64.59,69.19,63.74,67.98,325862
300750.SZ,20200213,65.94,67.83,64.67,66.14,313610
300750.SZ,20200214,67.56,68.12,61.98,62.56,439619
300750.SZ,20200217,62.06,66.04,61.99,64.89,344471
300750.SZ,20200218,64.89,67.62,64.2,66.29,282305
300750.SZ,20200219,70.95,71.01,64.22,64.39,418168
300750.SZ,20200220,66.23,70.95,64.28,68.17,518440
300750.SZ,20200221,66.95,69.56,65.52,68.12,338051
300750.SZ,20200224,66.51,68.09,63.99,65.07,365231
300750.SZ,20200225,62.47,71.23,61.97,69.2,516026
300750.SZ,20200226,67.45,68.64,63.01,64.21,338280
300750.SZ,20200227,65.45,66.32,61.95,62.33,332002
300750.SZ,20200228,57.06,59.84,54.57,54.66,508447
300750.SZ,20200302,56.39,58.14,54.26,57.06,318150
300750.SZ,20200303,60.39,62.44,59.23,60.27,296911
300750.SZ,20200304,59.28,60.33,56.94,59.12,205946
300750.SZ,20200305,60.69,61.41,58.17,59.96,224633
300750.SZ,20200306,58.18,61.12,57.89,59.02,159809
300750.SZ,20200309,56.5,57.56,53.17,53.42,294253
300750.SZ,20200310,53.51,58.0,53.18,57.36,292745
300750.SZ,20200311,58.73,61.83,56.39,57.49,339232
300750.SZ,20200312,54.95,55.27,52.24,53.84,333858
300750.SZ,20200313,49.34,53.62,49.29,52.67,274553
300750.SZ,20200316,50.39,50.88,45.33,45.43,490485
300750.SZ,20200317,46.51,47.58,41.09,44.81,392203
300750.SZ,20200318,45.34,47.89,43.73,44.48,313384
300750.SZ,20200319,45.39,45.67,41.33,43.19,331563
300750.SZ,20200320,44.84,45.78,42.18,43.65,225142
300750.SZ,20200323,40.84,41.27,37.62,38.99,307618
300750.SZ,20200324,40.73,41.99,38.73,41.27,291170
300750.SZ,20200325,43.84,47.16,43.73,46.51,385928
300750.SZ,20200326,45.4,47.26,45.01,45.74,194371
300750.SZ,20200327,47.18,47.8,44.48,45.23,174991
300750.SZ,20200330,43.73,46.31,40.78,45.57,261655
300750.SZ,20200331,46.1,47.69,44.76,46.17,194852
300750.SZ,20200401,47.67,49.04,45.44,46.17,298951
300750.SZ,20200402,44.56,47.95,44.12,47.95,209588
300750.SZ,20200403,48.53,48.73,45.84,46.51,182204
300750.SZ,20200407,47.95,49.33,47.63,48.56,183729
300750.SZ,20200408,48.12,49.0,47.39,47.62,119470
300750.SZ,20200409,48.16,48.44,45.84,46.07,160528
300750.SZ,20200410,46.59,47.66,44.8,45.09,145696
300750.SZ,20200413,43.12,44.28,42.11,43.0,124581
300750.SZ,20200414,44.84,49.37,44.56,49.37,388939
300750.SZ,20200415,51.39,52.56,49.97,50.39,325645
300750.SZ,20200416,50.54,53.57,49.74,53.14,216381
300750.SZ,20200417,54.88,57.38,54.34,55.37,292522
300750.SZ,20200420,55.06,55.26,52.55,54.01,187002
300750.SZ,20200421,52.61,53.09,49.84,51.79,193917
300750.SZ,20200422,50.02,52.78,50.01,51.98,146869
300750.SZ,20200423,53.12,53.12,50.73,51.45,125379
300750.SZ,20200424,51.51,54.84,51.51,52.44,169916
300750.SZ,20200427,53.18,54.84,52.66,53.68,143655
300750.SZ,20200428,55.39,57.12,52.41,56.12,226917
300750.SZ,20200429,54.91,57.17,54.84,56.35,119544
300750.SZ,20200430,59.28,61.79,59.28,59.49,233385
300750.SZ,20200506,56.51,60.84,56.37,60.28,191464
300750.SZ,20200507,60.56,61.06,57.62,58.84,160787
300750.SZ,20200508,58.73,59.96,57.56,59.33,141339
300750.SZ,20200511,59.39,60.38,54.32,55.74,285364
300750.SZ,20200512,56.54,56.99,54.69,56.51,160277
300750.SZ,20200513,55.58,56.87,55.33,56.09,121542
300750.SZ,20200514,55.87,56.09,54.56,54.62,114335
300750.SZ,20200515,57.03,61.33,56.48,60.11,322121
300750.SZ,20200518,59.84,59.84,56.89,58.07,160889
300750.SZ,20200519,58.84,60.28,58.46,58.87,104252
300750.SZ,20200520,62.62,65.62,62.07,62.23,329693
300750.SZ,20200521,63.62,64.59,60.72,61.21,154876
300750.SZ,20200522,60.74,60.87,57.62,58.62,148173
300750.SZ,20200525,58.55,59.51,57.37,59.45,103782
300750.SZ,20200526,60.27,62.84,59.95,62.63,174865
300750.SZ,20200527,62.59,65.39,62.56,63.45,181049
300750.SZ,20200528,62.61,63.12,59.01,61.42,174247
300750.SZ,20200529,60.95,61.41,59.56,60.13,141428
300750.SZ,20200601,61.21,64.3,60.59,63.14,151766
300750.SZ,20200602,64.84,65.33,60.94,62.32,137030
300750.SZ,20200603,62.62,63.24,61.4,61.78,113635
300750.SZ,20200604,62.63,65.03,61.96,62.74,137574
300750.SZ,20200605,62.49,63.49,61.22,63.41,98627
300750.SZ,20200608,64.82,65.27,62.99,63.52,105604
300750.SZ,20200609,65.24,66.06,64.46,64.94,150699
300750.SZ,20200610,68.24,68.24,64.68,66.45,198210
300750.SZ,20200611,68.29,73.89,67.26,70.51,368177
300750.SZ,20200612,68.39,69.68,67.67,67.91,252446
300750.SZ,20200615,66.2,68.99,65.8,67.02,159452
300750.SZ,20200616,68.85,70.12,67.19,68.29,131297
300750.SZ,20200617,67.76,68.57,66.08,67.07,125291
300750.SZ,20200618,67.07,68.06,66.07,67.71,96562
300750.SZ,20200619,68.28,73.18,67.82,71.57,250193
300750.SZ,20200622,71.49,74.57,70.79,71.07,190412
300750.SZ,20200623,71.63,73.37,70.25,73.23,159475
300750.SZ,20200624,74.14,75.84,73.46,74.68,146604
300750.SZ,20200629,74.13,75.24,73.3,74.43,116040
300750.SZ,20200630,75.52,79.11,75.52,76.27,162514
300750.SZ,20200701,78.57,80.46,72.67,73.52,286575
300750.SZ,20200702,74.96,75.06,70.8,72.29,270480
300750.SZ,20200703,73.85,74.26,72.2,72.52,240264
300750.SZ,20200706,72.85,79.41,72.51,78.18,307153
300750.SZ,20200707,83.85,88.06,83.57,88.06,253604
300750.SZ,20200708,89.4,89.86,84.95,89.17,288890
300750.SZ,20200709,88.85,94.28,88.29,93.31,279036
300750.SZ,20200710,92.17,94.49,90.85,92.68,168293
300750.SZ,20200713,96.96,104.01,96.96,103.91,303269
300750.SZ,20200714,98.29,102.02,95.44,99.38,333296
300750.SZ,20200715,101.07,101.94,91.69,94.42,274351
300750.SZ,20200716,94.96,97.67,88.52,88.72,272550
300750.SZ,20200717,88.86,91.17,83.89,88.13,303786
300750.SZ,20200720,92.79,96.69,90.01,93.46,289999
300750.SZ,20200721,96.07,96.07,92.18,94.41,186566
300750.SZ,20200722,93.29,96.73,92.2,94.9,191658
300750.SZ,20200723,94.41,99.13,93.85,98.02,255900
300750.SZ,20200724,95.52,96.02,88.21,89.78,343983
300750.SZ,20200727,89.41,91.06,84.96,85.68,251556
300750.SZ,20200728,88.32,90.79,88.02,89.14,201490
300750.SZ,20200729,89.14,93.29,87.89,92.84,189986
300750.SZ,20200730,93.29,94.39,91.85,93.49,143531
300750.SZ,20200731,93.85,99.02,93.57,97.28,207050
300750.SZ,20200803,98.23,99.29,96.1,99.18,151061
300750.SZ,20200804,98.46,103.28,96.25,96.46,199581
300750.SZ,20200805,96.48,97.63,94.16,96.27,127301
300750.SZ,20200806,99.89,100.45,94.96,96.91,145657
300750.SZ,20200807,95.52,98.46,91.69,92.9,180552
300750.SZ,20200810,92.85,93.46,89.45,90.89,130787
300750.SZ,20200811,90.93,93.07,89.48,89.64,122332
300750.SZ,20200812,90.46,90.66,83.96,88.14,252727
300750.SZ,20200813,90.96,91.62,87.44,88.29,130612
300750.SZ,20200814,89.24,90.77,88.29,90.72,119700
300750.SZ,20200817,90.52,90.72,87.29,88.64,197074
300750.SZ,20200818,90.29,93.29,88.23,90.12,221224
300750.SZ,20200819,89.29,89.29,84.96,85.07,187147
300750.SZ,20200820,83.29,85.52,82.18,84.08,130201
300750.SZ,20200821,85.72,87.15,84.96,86.2,146553
300750.SZ,20200824,87.29,94.96,86.21,91.63,258074
300750.SZ,20200825,91.63,93.85,89.94,90.47,145512
300750.SZ,20200826,89.97,90.51,86.59,87.41,152414
300750.SZ,20200827,91.91,95.24,89.96,93.27,283995
300750.SZ,20200828,94.03,95.79,92.56,95.13,169690
300750.SZ,20200831,95.88,96.49,93.3,94.04,135171
300750.SZ,20200901,94.13,98.85,93.3,98.43,197211
300750.SZ,20200902,97.94,98.37,94.96,96.8,146097
300750.SZ,20200903,96.07,96.63,93.79,96.02,124541
300750.SZ,20200904,91.75,93.66,90.84,92.88,147761
300750.SZ,20200907,92.13,93.21,79.41,82.96,447969
300750.SZ,20200908,82.18,83.85,79.13,83.24,220754
300750.SZ,20200909,78.85,83.57,78.29,81.81,189351
300750.SZ,20200910,82.18,84.68,81.91,82.16,148290
300750.SZ,20200911,82.74,84.57,81.27,83.46,117659
300750.SZ,20200914,85.24,87.73,84.96,86.51,142923
300750.SZ,20200915,88.02,88.85,86.53,87.57,117039
300750.SZ,20200916,88.73,88.79,85.24,86.22,118380
300750.SZ,20200917,86.21,91.6,85.52,89.63,181320
300750.SZ,20200918,89.91,90.52,87.87,89.42,105522
300750.SZ,20200921,91.57,94.96,88.77,89.37,160701
300750.SZ,20200922,90.52,92.85,89.37,90.79,123410
300750.SZ,20200923,90.29,90.42,85.57,88.85,157202
300750.SZ,20200924,86.99,88.18,85.02,85.42,106690
300750.SZ,20200925,86.96,87.57,85.29,85.79,68017
300750.SZ,20200928,86.88,88.82,85.97,86.58,82336
300750.SZ,20200929,88.01,93.99,87.98,93.29,202463
300750.SZ,20200930,93.46,96.63,92.63,95.63,159930
300750.SZ,20201009,101.62,106.56,101.5,104.33,239672
300750.SZ,20201012,106.07,109.96,105.68,109.84,189418
300750.SZ,20201013,109.89,111.95,106.63,110.33,107490
300750.SZ,20201014,111.07,114.96,109.85,111.24,137715
300750.SZ,20201015,113.36,115.02,111.07,111.96,99560
300750.SZ,20201016,112.46,112.74,104.02,106.13,203041
300750.SZ,20201019,107.92,110.57,106.07,106.86,130025
300750.SZ,20201020,107.53,113.63,106.59,113.63,135966
300750.SZ,20201021,112.77,113.09,105.89,108.48,161679
300750.SZ,20201022,107.29,109.29,105.52,108.23,90552
300750.SZ,20201023,108.58,112.05,104.1,104.41,115938
300750.SZ,20201026,104.94,109.2,101.26,108.93,108028
300750.SZ,20201027,109.96,112.02,108.29,111.19,91015
300750.SZ,20201028,105.88,115.78,105.33,112.88,224158
300750.SZ,20201029,111.08,114.97,108.47,112.74,174352
300750.SZ,20201030,113.31,121.96,111.79,116.72,229587
300750.SZ,20201102,116.63,126.91,115.24,123.93,189461
300750.SZ,20201103,123.85,123.85,116.73,121.64,184567
300750.SZ,20201104,121.07,123.85,118.29,121.38,110617
300750.SZ,20201105,124.41,128.57,124.38,128.57,157959
300750.SZ,20201106,130.17,132.31,123.85,125.79,156584
300750.SZ,20201109,128.29,131.02,124.46,127.42,132286
300750.SZ,20201110,126.81,130.45,121.38,127.14,144175
300750.SZ,20201111,126.13,128.01,118.76,118.76,157584
300750.SZ,20201112,123.85,123.85,119.73,120.66,97169
300750.SZ,20201113,122.81,124.28,119.96,120.08,113777
300750.SZ,20201116,120.46,122.57,116.87,121.02,123121
300750.SZ,20201117,122.35,123.85,116.35,118.67,136749
300750.SZ,20201118,118.36,119.44,110.97,113.02,192833
300750.SZ,20201119,113.3,114.71,111.13,113.91,97580
300750.SZ,20201120,115.23,120.29,115.23,119.45,123035
300750.SZ,20201123,119.45,123.68,118.35,119.96,120913
300750.SZ,20201124,122.74,123.35,118.3,120.91,97920
300750.SZ,20201125,121.96,122.12,115.18,116.19,117099
300750.SZ,20201126,116.41,116.41,112.29,115.71,86295
300750.SZ,20201127,115.75,117.61,111.63,113.85,84332
300750.SZ,20201130,114.96,114.96,109.42,114.29,126662
300750.SZ,20201201,112.07,116.43,111.63,116.17,94920
300750.SZ,20201202,116.07,116.07,110.85,114.79,119653
300750.SZ,20201203,114.79,116.61,111.83,116.07,106886
300750.SZ,20201204,115.55,119.02,115.16,118.14,92338
300750.SZ,20201207,118.79,126.53,118.79,124.66,171130
300750.SZ,20201208,126.91,129.34,126.35,127.2,116362
300750.SZ,20201209,128.7,130.85,125.01,127.18,153636
300750.SZ,20201210,125.6,128.02,123.29,126.53,99857
300750.SZ,20201211,125.69,128.03,124.79,127.49,128937
300750.SZ,20201214,127.5,128.7,125.02,127.18,107241
300750.SZ,20201215,128.29,134.61,126.32,134.13,177813
300750.SZ,20201216,135.07,138.46,133.29,138.33,142888
300750.SZ,20201217,137.29,139.29,136.08,137.63,88123
300750.SZ,20201218,138.02,142.16,136.75,140.51,95126
300750.SZ,20201221,144.27,159.96,142.35,159.96,198104
300750.SZ,20201222,157.18,162.92,152.57,153.65,168744
300750.SZ,20201223,153.67,162.35,150.06,156.07,173903
300750.SZ,20201224,155.52,156.44,150.79,152.18,94786
300750.SZ,20201225,151.07,154.52,149.41,153.18,95399
300750.SZ,20201228,154.52,157.18,152.18,155.39,119731
300750.SZ,20201229,155.4,156.52,147.95,150.52,121748
300750.SZ,20201230,157.18,172.71,157.18,168.29,228817
300750.SZ,20201231,171.06,176.02,169.24,174.47,152005
300750.SZ,20210104,178.35,207.8,178.35,203.91,224808
300750.SZ,20210105,198.85,203.74,193.86,202.74,227452
300750.SZ,20210106,206.07,210.52,196.63,205.39,186681
300750.SZ,20210107,202.18,209.96,199.89,208.98,173895
300750.SZ,20210108,212.18,215.51,200.18,204.13,210067
300750.SZ,20210111,207.12,207.12,193.85,196.07,230050
300750.SZ,20210112,193.57,204.07,190.52,202.28,165597
300750.SZ,20210113,201.63,207.46,186.62,193.29,272620
300750.SZ,20210114,187.85,192.74,183.86,184.41,196066
300750.SZ,20210115,183.84,192.73,182.18,190.82,198229
300750.SZ,20210118,188.71,197.07,188.17,192.68,142012
300750.SZ,20210119,192.74,193.85,181.93,182.8,162867
300750.SZ,20210120,187.07,197.95,185.47,196.85,213416
300750.SZ,20210121,194.41,201.07,190.52,196.79,174792
300750.SZ,20210122,196.91,207.34,196.91,206.07,190442
300750.SZ,20210125,205.13,211.82,197.37,199.93,217414
300750.SZ,20210126,199.86,199.86,192.61,193.57,151044
300750.SZ,20210127,197.18,197.85,186.07,196.36,148385
300750.SZ,20210128,190.52,192.19,183.85,184.91,181820
300750.SZ,20210129,188.3,188.85,169.72,176.13,276013
300750.SZ,20210201,175.52,177.68,171.74,174.03,175251
300750.SZ,20210202,174.97,184.96,166.83,183.74,250865
300750.SZ,20210203,189.96,194.72,187.77,191.06,211073
300750.SZ,20210204,193.24,198.18,190.24,195.24,216302
300750.SZ,20210205,198.85,199.96,186.54,186.88,184117
300750.SZ,20210208,187.74,204.29,186.63,203.85,244027
300750.SZ,20210209,207.85,209.96,202.07,207.29,162037
300750.SZ,20210210,209.4,210.85,204.96,208.66,162830
300750.SZ,20210218,213.85,213.85,194.34,199.96,238249
300750.SZ,20210219,196.07,199.41,187.29,194.68,186904
300750.SZ,20210222,194.68,199.29,187.68,187.74,167204
300750.SZ,20210223,184.96,188.59,179.89,188.59,136047
300750.SZ,20210224,187.74,189.41,167.96,172.18,302721
300750.SZ,20210225,175.99,175.99,165.52,166.68,245757
300750.SZ,20210226,158.85,164.41,155.96,158.42,229506
300750.SZ,20210301,163.58,171.42,161.78,170.85,205394
300750.SZ,20210302,175.52,175.63,168.88,173.63,152811
300750.SZ,20210303,171.66,173.64,168.49,173.64,104644
300750.SZ,20210304,171.07,171.07,158.8,160.28,181034
300750.SZ,20210305,153.3,161.01,150.7,157.18,173073
300750.SZ,20210308,158.85,165.36,146.56,148.85,212955
300750.SZ,20210309,146.07,151.91,139.96,146.07,273577
300750.SZ,20210310,154.96,158.45,153.29,154.13,237638
300750.SZ,20210311,154.96,164.67,152.35,163.45,209643
300750.SZ,20210312,166.58,171.07,163.46,169.11,189520
300750.SZ,20210315,168.29,168.29,149.96,152.91,230404
300750.SZ,20210316,155.52,159.96,153.57,158.85,137124
300750.SZ,20210317,156.01,166.18,153.35,164.41,146726
300750.SZ,20210318,164.96,170.02,164.69,165.96,113670
300750.SZ,20210319,159.96,164.4,152.18,155.24,189716
300750.SZ,20210322,156.63,157.74,145.46,150.41,231719
300750.SZ,20210323,148.85,151.98,146.14,148.24,151169
300750.SZ,20210324,148.85,148.91,137.74,139.84,252082
300750.SZ,20210325,135.24,142.38,134.99,141.38,184399
300750.SZ,20210326,143.29,153.88,142.18,153.64,237103
300750.SZ,20210329,153.57,157.06,148.86,152.52,155632
300750.SZ,20210330,152.52,157.73,150.52,156.62,126404
300750.SZ,20210331,156.57,160.61,153.29,158.39,160546
300750.SZ,20210401,159.29,165.79,159.02,162.73,113338
300750.SZ,20210402,164.38,166.17,161.01,164.07,92629
300750.SZ,20210406,165.52,167.18,156.68,160.41,104638
300750.SZ,20210407,164.36,164.36,152.82,157.18,133931
300750.SZ,20210408,153.85,158.11,152.18,157.1,78710
300750.SZ,20210409,159.41,159.41,151.63,152.74,93237
300750.SZ,20210412,156.22,159.98,153.35,154.41,140595
300750.SZ,20210413,153.46,164.41,153.35,159.83,140211
300750.SZ,20210414,163.44,172.46,162.01,171.63,185043
300750.SZ,20210415,168.27,169.13,164.5,166.63,124741
300750.SZ,20210416,168.29,168.52,159.74,164.87,115363
300750.SZ,20210419,165.52,181.91,163.49,181.63,205477
300750.SZ,20210420,178.28,184.29,175.79,178.85,142834
300750.SZ,20210421,174.49,178.24,172.63,177.01,123996
300750.SZ,20210422,182.74,183.07,175.87,180.72,107913
300750.SZ,20210423,180.72,186.63,179.41,185.79,115365
300750.SZ,20210426,186.96,190.52,172.29,173.29,256237
300750.SZ,20210427,173.85,174.29,168.44,173.07,151810
300750.SZ,20210428,175.52,187.74,174.96,183.31,236326
300750.SZ,20210429,185.41,191.57,183.78,190.51,180863
300750.SZ,20210430,186.63,197.18,183.81,195.06,258651
300750.SZ,20210506,196.07,196.07,184.13,192.74,189680
300750.SZ,20210507,192.74,194.71,182.81,183.45,151385
300750.SZ,20210510,182.07,187.18,179.41,183.97,124553
300750.SZ,20210511,180.52,184.91,175.52,183.07,114121
300750.SZ,20210512,183.29,184.44,176.96,180.24,133602
300750.SZ,20210513,176.24,178.73,173.68,174.46,113476
300750.SZ,20210514,175.81,179.68,170.06,178.85,176577
300750.SZ,20210517,179.41,188.23,179.4,186.73,193309
300750.SZ,20210518,186.07,190.07,182.99,184.46,89620
300750.SZ,20210519,183.02,190.52,181.07,187.77,117464
300750.SZ,20210520,189.29,192.68,185.02,189.26,128440
300750.SZ,20210521,192.06,194.56,184.39,188.06,140566
300750.SZ,20210524,190.52,195.27,188.39,194.94,169611
300750.SZ,20210525,195.76,199.41,193.68,199.14,149577
300750.SZ,20210526,198.85,201.62,193.11,193.53,126989
300750.SZ,20210527,194.69,196.07,191.54,192.74,79598
300750.SZ,20210528,196.07,213.57,196.07,206.96,277151
300750.SZ,20210531,210.52,221.39,209.41,220.57,200063
300750.SZ,20210601,212.74,218.85,210.81,215.71,158754
300750.SZ,20210602,217.79,220.34,212.33,215.24,115712
300750.SZ,20210603,216.07,217.34,207.18,209.84,123760
300750.SZ,20210604,212.18,223.57,210.05,219.52,180102
300750.SZ,20210607,214.88,214.96,201.63,205.79,215294
300750.SZ,20210608,203.85,215.43,203.85,206.96,166317
300750.SZ,20210609,206.63,210.52,203.29,206.83,93582
300750.SZ,20210610,207.23,226.44,207.23,220.87,193502
300750.SZ,20210611,225.52,233.76,218.33,230.51,197961
300750.SZ,20210615,231.07,232.68,221.35,226.63,102522
300750.SZ,20210616,224.36,225.96,211.08,212.84,139694
300750.SZ,20210617,215.1,222.59,215.1,220.8,102724
300750.SZ,20210618,222.29,232.29,222.29,229.41,156000
300750.SZ,20210621,230.41,232.68,223.97,230.96,120823
300750.SZ,20210622,229.51,231.62,223.97,229.53,88470
300750.SZ,20210623,231.67,241.63,230.24,239.66,124457
300750.SZ,20210624,242.26,243.23,236.08,239.02,92132
300750.SZ,20210625,242.18,244.41,234.41,243.98,99555
300750.SZ,20210628,243.97,258.84,239.58,253.79,146439
300750.SZ,20210629,264.77,268.07,259.53,261.91,153402
300750.SZ,20210630,262.19,280.52,256.07,276.52,144557
300750.SZ,20210701,277.63,279.41,267.19,273.57,113247
300750.SZ,20210702,270.59,276.72,262.55,268.07,138717
300750.SZ,20210705,265.65,273.25,261.8,268.02,143515
300750.SZ,20210706,268.43,280.08,258.38,265.78,180555
300750.SZ,20210707,268.43,280.93,261.28,280.93,181457
300750.SZ,20210708,285.64,297.04,281.01,290.18,158790
300750.SZ,20210709,290.09,290.09,276.51,282.81,156607
300750.SZ,20210712,288.49,300.09,288.49,293.87,154763
300750.SZ,20210713,290.65,301.54,286.21,292.32,136371
300750.SZ,20210714,287.87,291.69,280.09,285.86,125879
300750.SZ,20210715,282.32,295.58,280.12,295.09,137333
300750.SZ,20210716,294.54,294.54,272.94,274.54,178495
300750.SZ,20210719,279.54,280.47,266.21,270.37,180129
300750.SZ,20210720,265.65,279.13,265.65,272.89,130005
300750.SZ,20210721,273.99,288.47,271.77,288.31,182049
300750.SZ,20210722,288.76,292.7,282.7,289.03,108836
300750.SZ,20210723,287.87,292.87,282.87,283.43,93329
300750.SZ,20210726,281.76,286.72,269.82,279.42,127290
300750.SZ,20210727,281.22,290.2,254.54,254.54,178460
300750.SZ,20210728,255.09,275.82,255.09,271.23,217247
300750.SZ,20210729,282.87,289.39,273.43,288.87,186202
300750.SZ,20210730,293.43,302.98,279.54,285.32,201810
300750.SZ,20210802,288.98,298.98,275.58,286.21,182973
300750.SZ,20210803,287.87,288.43,270.09,274.54,122383
300750.SZ,20210804,276.21,296.76,271.21,295.65,174004
300750.SZ,20210805,293.98,293.98,283.17,288.98,129792
300750.SZ,20210806,293.31,294.54,278.98,281.69,143712
300750.SZ,20210809,275.09,275.37,258.98,266.21,185831
300750.SZ,20210810,263.43,267.98,256.76,263.15,180169
300750.SZ,20210811,262.87,270.09,260.03,266.9,112364
300750.SZ,20210812,263.99,264.53,253.98,258.43,171162
300750.SZ,20210813,246.21,273.93,246.21,258.46,277258
300750.SZ,20210816,253.98,259.48,240.58,244.54,220440
300750.SZ,20210817,248.98,254.43,244.67,246.21,156106
300750.SZ,20210818,249.84,258.93,244.77,254.54,159575
300750.SZ,20210819,258.43,262.72,248.43,258.98,144535
300750.SZ,20210820,256.76,256.87,247.59,254.04,125276
300750.SZ,20210823,260.09,270.22,258.43,269.48,162244
300750.SZ,20210824,266.43,279.59,265.72,270.09,133137
300750.SZ,20210825,270.65,275.21,263.54,274.12,95303
300750.SZ,20210826,279.53,290.06,268.92,268.98,167983
300750.SZ,20210827,268.43,270.65,258.43,261.48,119582
300750.SZ,20210830,261.46,271.65,256.68,260.23,157143
300750.SZ,20210831,263.95,263.95,249.46,254.47,147621
300750.SZ,20210901,252.87,253.98,241.48,251.04,144627
300750.SZ,20210902,252.87,255.16,249.42,253.71,114649
300750.SZ,20210903,256.21,259.47,246.69,249.82,112820
300750.SZ,20210906,253.43,267.32,247.87,266.26,147920
300750.SZ,20210907,265.65,272.13,262.87,265.1,94222
300750.SZ,20210908,267.87,270.42,257.32,258.98,97394
300750.SZ,20210909,262.59,267.86,252.21,261.32,110162
300750.SZ,20210910,253.67,259.42,252.14,258.48,112969
300750.SZ,20210913,258.48,264.04,255.09,258.87,89690
300750.SZ,20210914,261.27,280.09,258.94,273.93,233837
300750.SZ,20210915,273.98,275.09,263.88,271.4,105015
300750.SZ,20210916,270.09,270.09,256.21,256.21,112604
300750.SZ,20210917,255.65,262.32,252.94,258.98,81938
300750.SZ,20210922,254.32,257.87,250.71,253.6,64239
300750.SZ,20210923,260.02,260.02,252.76,253.42,79714
300750.SZ,20210924,254.47,264.27,252.04,257.31,102625
300750.SZ,20210927,260.09,268.32,257.2,264.82,144963
300750.SZ,20210928,263.98,267.29,256.32,257.56,92225
300750.SZ,20210929,255.09,263.87,253.98,258.71,93955
300750.SZ,20210930,260.09,275.37,258.43,271.61,167142
300750.SZ,20211008,276.21,285.13,270.04,276.21,125169
300750.SZ,20211011,276.76,278.21,267.35,268.98,78309
300750.SZ,20211012,269.31,269.88,256.69,260.09,95907
300750.SZ,20211013,260.09,269.82,259.54,269.68,76522
300750.SZ,20211014,271.21,276.69,271.21,275.26,78416
300750.SZ,20211015,275.09,301.13,272.93,295.65,229513
300750.SZ,20211018,302.32,310.23,296.21,310.11,186702
300750.SZ,20211019,315.09,321.19,304.54,307.65,150890
300750.SZ,20211020,310.09,320.31,305.65,307.04,124666
300750.SZ,20211021,307.32,312.32,301.76,310.65,101423
300750.SZ,20211022,316.19,316.19,307.5,313.65,110216
300750.SZ,20211025,319.54,326.85,314.72,318.86,140521
300750.SZ,20211026,332.74,334.25,310.61,311.76,148277
300750.SZ,20211027,311.76,321.23,309.08,321.23,135486
300750.SZ,20211028,326.76,332.32,314.5,316.87,172829
300750.SZ,20211029,321.37,338.14,312.28,334.66,202687
300750.SZ,20211101,335.65,356.76,330.17,340.65,221797
300750.SZ,20211102,343.43,349.41,339.54,345.09,131408
300750.SZ,20211103,341.21,343.99,328.43,335.09,127606
300750.SZ,20211104,339.54,343.43,332.9,338.9,92010
300750.SZ,20211105,334.54,340.53,331.76,331.81,85551
300750.SZ,20211108,333.43,348.97,330.09,346.65,122696
300750.SZ,20211109,350.51,350.65,342.39,348.03,66746
300750.SZ,20211110,341.28,344.24,332.32,339.54,127398
300750.SZ,20211111,341.21,349.06,340.71,343.9,77014
300750.SZ,20211112,344.54,347.24,331.72,335.65,114202
300750.SZ,20211115,335.64,335.64,317.29,323.98,140076
300750.SZ,20211116,323.98,326.83,316.76,321.19,84335
300750.SZ,20211117,325.65,329.78,322.63,327.25,75616
300750.SZ,20211118,327.25,333.24,320.42,327.32,75273
300750.SZ,20211119,330.09,334.54,324.01,334.54,84568
300750.SZ,20211122,337.87,357.87,336.27,357.87,153090
300750.SZ,20211123,357.49,357.49,349.54,352.87,99312
300750.SZ,20211124,351.86,354.98,340.84,345.54,85504
300750.SZ,20211125,342.32,345.37,338.03,342.87,58220
300750.SZ,20211126,341.21,351.09,341.21,345.09,58502
300750.SZ,20211129,342.87,359.82,342.32,357.21,114653
300750.SZ,20211130,359.96,360.46,353.61,357.32,71881
300750.SZ,20211201,357.32,360.09,348.49,352.87,69846
300750.SZ,20211202,352.86,362.43,351.21,361.76,91790
300750.SZ,20211203,362.29,363.98,352.32,361.21,80782
300750.SZ,20211206,355.15,357.43,343.98,344.69,112612
300750.SZ,20211207,347.32,347.87,319.65,328.98,221391
300750.SZ,20211208,332.2,337.75,327.46,334.54,118866
300750.SZ,20211209,334.54,335.09,325.59,331.65,134272
300750.SZ,20211210,325.22,342.52,324.64,335.07,213844
300750.SZ,20211213,335.04,346.57,329.58,345.29,160828
300750.SZ,20211214,344.73,344.73,337.31,341.21,87811
300750.SZ,20211215,340.33,346.76,338.96,340.09,70480
300750.SZ,20211216,344.71,344.71,339.03,343.46,61502
300750.SZ,20211217,341.21,342.87,334.93,341.31,136491
300750.SZ,20211220,340.09,340.09,317.14,318.54,155114
300750.SZ,20211221,316.21,321.03,309.58,315.13,125658
300750.SZ,20211222,317.76,322.32,314.54,318.56,83618
300750.SZ,20211223,323.42,329.98,319.58,325.13,79718
300750.SZ,20211224,326.21,326.9,292.32,299.98,246081
300750.SZ,20211227,298.54,306.2,298.15,300.98,101835
300750.SZ,20211228,300.65,305.81,296.16,304.54,96596
300750.SZ,20211229,304.54,305.09,296.08,299.29,99640
300750.SZ,20211230,300.09,310.81,299.3,307.32,124209
300750.SZ,20211231,311.93,316.2,302.87,306.21,93711
300750.SZ,20220104,316.21,316.76,291.21,295.58,174568
300750.SZ,20220105,294.21,294.47,279.54,283.71,166579
300750.SZ,20220106,278.71,283.43,274.98,280.36,138826
300750.SZ,20220107,285.09,288.43,272.87,279.48,131695
300750.SZ,20220110,276.75,284.54,270.78,278.65,148629
300750.SZ,20220111,280.16,285.04,277.54,277.71,84723
300750.SZ,20220112,285.65,296.18,285.59,293.45,191642
300750.SZ,20220113,296.76,302.87,287.73,293.43,138997
300750.SZ,20220114,289.02,302.21,288.43,300.32,116128
300750.SZ,20220117,306.68,317.59,301.09,316.68,143528
300750.SZ,20220118,316.68,317.19,305.09,305.54,107017
300750.SZ,20220119,307.04,310.09,289.82,296.2,144874
300750.SZ,20220120,293.98,300.65,292.51,295.72,80654
300750.SZ,20220121,292.32,301.54,286.21,295.92,99174
300750.SZ,20220124,292.87,308.57,290.1,302.31,115621
300750.SZ,20220125,297.99,303.61,293.43,293.76,71992
300750.SZ,20220126,297.21,307.65,294.26,305.93,116037
300750.SZ,20220127,304.54,310.09,296.21,298.98,129482
300750.SZ,20220128,309.87,315.09,296.45,308.76,243317
300750.SZ,20220207,316.21,318.42,298.53,301.45,145289
300750.SZ,20220208,301.45,301.45,269.44,280.02,206503
300750.SZ,20220209,278.98,285.59,272.32,283.54,114947
300750.SZ,20220210,286.09,286.21,257.26,267.37,292336
300750.SZ,20220211,260.65,264.86,251.21,251.76,239798
300750.SZ,20220214,249.54,264.48,249.02,261.76,196286
300750.SZ,20220215,267.87,274.17,263.43,272.32,151508
300750.SZ,20220216,272.87,280.89,270.64,274.43,127068
300750.SZ,20220217,273.97,281.48,271.53,276.76,107472
300750.SZ,20220218,273.98,276.76,270.08,272.59,113848
300750.SZ,20220221,272.04,272.04,260.36,262.87,156306
300750.SZ,20220222,261.01,261.76,253.08,259.54,136329
300750.SZ,20220223,260.65,267.9,258.69,267.87,154332
300750.SZ,20220224,261.76,269.31,257.87,261.59,161600
300750.SZ,20220225,268.98,276.76,268.92,273.32,169672
300750.SZ,20220228,270.65,277.59,270.65,275.85,99657
300750.SZ,20220301,279.09,284.03,273.98,277.42,97490
300750.SZ,20220302,274.54,274.98,262.25,265.01,134129
300750.SZ,20220303,266.87,267.76,261.19,264.53,86989
300750.SZ,20220304,260.09,262.32,250.65,252.76,162834
300750.SZ,20220307,243.43,248.98,231.77,232.26,245993
300750.SZ,20220308,237.31,238.68,225.66,232.57,227541
300750.SZ,20220309,232.87,242.87,228.43,242.58,234574
300750.SZ,20220310,251.76,260.4,249.16,252.21,239617
300750.SZ,20220311,246.67,254.54,242.93,253.73,171022
300750.SZ,20220314,247.87,250.22,236.76,236.76,162910
300750.SZ,20220315,235.65,246.92,229.87,236.87,212687
300750.SZ,20220316,244.09,259.24,239.81,259.04,282237
300750.SZ,20220317,267.04,276.76,265.71,270.93,276301
300750.SZ,20220318,267.87,270.91,259.54,263.15,163918
300750.SZ,20220321,268.43,276.32,267.09,268.43,136341
300750.SZ,20220322,268.43,268.43,261.21,264.54,102283
300750.SZ,20220323,268.43,270.08,262.82,265.81,84110
300750.SZ,20220324,262.84,267.14,256.42,265.09,84806
300750.SZ,20220325,263.94,267.42,258.43,258.47,92836
300750.SZ,20220328,262.25,262.25,245.14,250.09,149465
300750.SZ,20220329,250.09,257.32,247.32,250.04,112359
300750.SZ,20220330,252.87,267.87,252.87,267.87,162170
300750.SZ,20220331,265.73,267.32,259.07,264.15,96239
300750.SZ,20220401,261.76,270.93,260.17,267.82,95182
300750.SZ,20220406,266.49,267.32,258.98,261.86,85428
300750.SZ,20220407,257.62,260.09,250.12,254.66,119581
300750.SZ,20220408,253.26,260.02,251.21,254.54,93571
300750.SZ,20220411,243.58,245.09,230.71,234.54,207382
300750.SZ,20220412,235.52,242.19,235.37,241.76,124982
300750.SZ,20220413,238.37,247.21,236.21,238.43,95231
300750.SZ,20220414,243.43,243.98,231.76,234.98,137524
300750.SZ,20220415,230.17,233.42,219.97,230.02,199891
300750.SZ,20220418,225.09,230.64,221.37,230.09,119576
300750.SZ,20220419,229.79,234.86,223.12,224.13,143821
300750.SZ,20220420,223.43,225.65,204.97,205.65,311996
300750.SZ,20220421,208.36,211.48,201.15,206.82,211166
300750.SZ,20220422,206.21,214.64,204.54,210.28,201367
300750.SZ,20220425,200.54,205.15,196.21,196.26,213165
300750.SZ,20220426,194.04,197.32,188.98,188.98,185105
300750.SZ,20220427,183.43,206.63,183.28,205.68,316124
300750.SZ,20220428,201.75,203.15,191.76,194.82,259177
300750.SZ,20220429,198.43,207.31,187.88,206.96,336477
300750.SZ,20220505,182.32,193.58,175.65,188.43,602772
300750.SZ,20220506,180.65,194.39,180.55,188.42,240801
300750.SZ,20220509,187.32,188.96,181.6,184.26,166680
300750.SZ,20220510,179.15,193.43,177.95,190.19,244378
300750.SZ,20220511,190.63,212.19,190.37,207.18,317540
300750.SZ,20220512,204.21,206.87,200.58,203.71,134208
300750.SZ,20220513,205.65,212.01,202.04,209.98,148546
300750.SZ,20220516,211.2,217.21,205.66,205.66,143878
300750.SZ,20220517,207.31,215.42,206.34,214.29,138899
300750.SZ,20220518,215.34,216.21,209.78,212.32,107120
300750.SZ,20220519,209.79,213.93,206.57,212.32,126330
300750.SZ,20220520,217.32,219.54,211.48,216.71,158268
300750.SZ,20220523,216.71,216.71,207.32,211.04,137918
300750.SZ,20220524,209.35,209.36,202.78,202.89,150127
300750.SZ,20220525,204.26,205.13,198.71,201.19,139349
300750.SZ,20220526,200.92,202.78,195.58,196.21,140598
300750.SZ,20220527,199.54,206.84,197.39,198.65,187802
300750.SZ,20220530,203.03,205.76,201.09,202.76,125295
300750.SZ,20220531,201.71,208.42,198.15,206.21,177995
300750.SZ,20220601,207.37,218.98,205.09,215.67,191785
300750.SZ,20220602,214.42,226.08,213.43,222.21,174478
300750.SZ,20220606,222.32,240.1,222.32,238.42,190378
300750.SZ,20220607,237.98,238.98,229.98,234.54,127595
300750.SZ,20220608,232.87,235.09,216.2,235.09,405414
300750.SZ,20220609,226.77,228.43,218.71,219.18,202557
300750.SZ,20220610,217.3,232.76,217.3,231.76,247663
300750.SZ,20220613,226.21,231.86,223.02,225.67,186216
300750.SZ,20220614,222.99,225.43,217.71,224.99,174811
300750.SZ,20220615,230.65,245.09,227.38,238.24,378619
300750.SZ,20220616,238.43,242.93,232.04,235.26,240202
300750.SZ,20220617,230.82,252.14,230.22,249.57,282939
300750.SZ,20220620,253.89,266.27,253.89,260.94,251143
300750.SZ,20220621,259.54,264.47,255.16,261.68,145666
300750.SZ,20220622,265.09,269.68,261.15,261.21,146632
300750.SZ,20220623,265.65,277.86,263.92,277.86,177139
300750.SZ,20220624,283.98,292.59,273.87,292.59,193012
300750.SZ,20220627,292.87,293.41,282.31,284.54,166240
300750.SZ,20220628,282.32,284.74,271.26,281.76,186433
300750.SZ,20220629,275.64,280.93,271.76,275.39,145830
300750.SZ,20220630,275.38,279.43,272.13,276.21,130761
300750.SZ,20220701,275.64,277.32,267.15,269.89,122928
300750.SZ,20220704,262.88,271.58,262.87,269.54,121932
300750.SZ,20220705,270.93,277.41,264.36,270.58,154594
300750.SZ,20220706,272.38,275.92,265.42,269.54,130814
300750.SZ,20220707,275.01,287.62,274.54,285.09,246014
300750.SZ,20220708,287.87,293.41,276.89,280.09,165770
300750.SZ,20220711,276.34,277.04,266.37,267.59,138070
300750.SZ,20220712,267.87,271.37,257.11,259.37,151302
300750.SZ,20220713,261.93,281.33,258.3,278.98,245645
300750.SZ,20220714,277.04,291.76,274.12,288.43,199556
300750.SZ,20220715,284.82,292.57,275.65,275.65,158628
300750.SZ,20220718,280.65,286.23,274.18,286.02,143711
300750.SZ,20220719,285.41,285.41,270.65,270.99,163087
300750.SZ,20220720,273.97,276.84,270.02,271.76,78359
300750.SZ,20220721,270.09,278.46,267.44,268.98,88071
300750.SZ,20220722,278.27,281.76,271.78,275.09,142817
300750.SZ,20220725,275.09,276.18,267.87,269.4,86489
300750.SZ,20220726,269.42,272.87,265.79,269.54,79693
300750.SZ,20220727,269.26,269.59,263.54,265.76,93355
300750.SZ,20220728,267.59,272.15,264.55,265.98,92675
300750.SZ,20220729,270.62,270.65,259.04,262.09,119125
300750.SZ,20220801,261.69,277.21,259.87,276.72,162992
300750.SZ,20220802,269.69,275.34,268.12,270.58,121430
300750.SZ,20220803,270.65,276.14,256.65,259.54,170256
300750.SZ,20220804,261.21,262.37,254.59,257.82,113651
300750.SZ,20220805,257.32,265.04,254.54,260.46,121831
300750.SZ,20220808,255.09,260.75,251.21,258.15,89647
300750.SZ,20220809,257.87,267.65,255.93,263.74,113079
300750.SZ,20220810,262.93,264.43,257.32,259.53,80491
300750.SZ,20220811,259.62,264.55,253.98,262.87,98007
300750.SZ,20220812,262.98,263.98,256.16,258.43,73838
300750.SZ,20220815,260.03,270.09,258.92,266.26,137575
300750.SZ,20220816,268.37,278.43,267.42,270.54,160974
300750.SZ,20220817,272.58,285.08,270.64,283.43,183507
300750.SZ,20220818,283.43,290.65,280.9,282.21,142800
300750.SZ,20220819,284.54,284.92,273.99,275.09,107696
300750.SZ,20220822,276.21,288.24,272.43,285.94,143054
300750.SZ,20220823,285.08,293.24,282.57,288.92,131562
300750.SZ,20220824,297.89,298.98,269.54,270.65,300684
300750.SZ,20220825,271.21,272.06,260.14,265.09,180175
300750.SZ,20220826,264.54,267.86,258.98,261.08,122170
300750.SZ,20220829,258.98,261.08,255.27,258.43,112610
300750.SZ,20220830,258.43,258.43,249.43,252.59,156161
300750.SZ,20220831,247.14,251.65,243.16,247.87,174502
300750.SZ,20220901,246.21,248.98,238.79,239.28,154766
300750.SZ,20220902,243.36,243.98,236.08,238.57,115609
300750.SZ,20220905,236.21,241.76,234.54,239.74,91100
300750.SZ,20220906,239.54,239.74,226.14,232.43,275246
300750.SZ,20220907,230.37,244.26,229.54,242.83,216777
300750.SZ,20220908,239.73,241.21,228.71,229.26,215526
300750.SZ,20220909,230.98,232.0,227.59,230.77,122468
300750.SZ,20220913,234.54,235.21,227.79,233.38,102029
300750.SZ,20220914,229.54,231.21,217.47,220.82,258938
300750.SZ,20220915,220.82,221.21,207.98,209.73,253836
300750.SZ,20220916,209.71,211.93,206.76,207.32,149632
300750.SZ,20220919,207.11,213.76,206.78,209.36,139644
300750.SZ,20220920,211.76,218.43,210.09,213.43,165690
300750.SZ,20220921,211.21,214.79,209.19,213.04,88099
300750.SZ,20220922,210.26,212.87,205.09,210.09,96421
300750.SZ,20220923,210.63,215.54,207.34,211.39,120185
300750.SZ,20220926,209.01,221.21,209.01,217.68,188352
300750.SZ,20220927,220.59,221.39,214.54,218.15,115619
300750.SZ,20220928,217.12,218.14,209.23,211.45,106974
300750.SZ,20220929,215.58,216.29,210.5,212.68,88948
300750.SZ,20220930,212.83,213.35,202.4,202.62,118140
300750.SZ,20221010,203.23,204.62,197.25,198.16,114654
300750.SZ,20221011,204.35,211.18,203.73,211.18,184441
300750.SZ,20221012,211.01,223.39,209.62,223.14,185147
300750.SZ,20221013,221.01,223.39,218.24,219.9,104434
300750.SZ,20221014,223.23,225.65,218.0,222.63,135653
300750.SZ,20221017,220.46,220.46,213.65,218.43,105373
300750.SZ,20221018,220.47,223.72,217.92,218.53,91019
300750.SZ,20221019,218.8,225.46,218.61,219.53,123330
300750.SZ,20221020,213.39,215.27,204.35,210.46,171202
300750.SZ,20221021,206.57,211.55,206.12,209.35,82599
300750.SZ,20221024,205.8,209.9,201.57,204.36,145327
300750.SZ,20221025,203.79,206.61,197.67,203.07,140391
300750.SZ,20221026,204.9,206.88,201.06,202.71,140724
300750.SZ,20221027,201.01,203.27,196.57,196.73,152817
300750.SZ,20221028,193.96,195.18,182.68,182.96,240712
300750.SZ,20221031,179.9,191.13,178.0,187.06,165546
300750.SZ,20221101,189.07,195.95,184.41,194.46,199165
300750.SZ,20221102,193.79,200.12,191.02,197.4,142670
300750.SZ,20221103,196.57,198.79,191.58,193.3,147175
300750.SZ,20221104,194.23,206.74,193.23,204.57,209711
300750.SZ,20221107,206.57,210.2,204.9,207.96,147781
300750.SZ,20221108,207.96,214.79,204.07,207.57,120809
300750.SZ,20221109,205.46,206.33,199.35,200.49,109411
300750.SZ,20221110,198.23,198.79,193.23,193.96,129242
300750.SZ,20221111,202.68,205.28,198.91,203.5,194820
300750.SZ,20221114,204.4,206.57,194.1,195.0,184817
300750.SZ,20221115,195.55,200.72,189.9,200.0,172740
300750.SZ,20221116,198.24,198.89,192.83,193.27,136037
300750.SZ,20221117,191.91,192.12,185.46,188.3,142172
300750.SZ,20221118,189.9,194.9,186.01,191.45,164073
300750.SZ,20221121,188.3,194.26,187.85,192.35,80387
300750.SZ,20221122,191.01,192.61,187.12,188.23,98362
300750.SZ,20221123,188.23,192.62,187.4,190.75,88294
300750.SZ,20221124,192.75,192.8,188.24,189.13,85465
300750.SZ,20221125,187.16,188.23,186.01,186.68,61389
300750.SZ,20221128,182.68,186.74,179.91,185.63,111141
300750.SZ,20221129,186.57,191.79,184.07,189.85,117172
300750.SZ,20221130,190.46,193.79,186.66,193.79,140420
300750.SZ,20221201,200.54,203.32,199.3,199.48,209375
300750.SZ,20221202,200.46,201.73,197.57,197.61,82926
300750.SZ,20221205,197.61,200.38,195.46,197.85,120985
300750.SZ,20221206,196.08,204.37,196.01,202.13,136612
300750.SZ,20221207,202.12,214.17,201.57,212.3,244108
300750.SZ,20221208,212.3,216.01,209.91,213.5,104337
300750.SZ,20221209,214.11,216.4,213.51,215.79,93539
300750.SZ,20221212,213.85,215.2,209.98,210.1,87900
300750.SZ,20221213,210.46,210.96,203.26,205.13,112707
300750.SZ,20221214,207.68,208.76,201.72,203.4,91973
300750.SZ,20221215,203.3,215.55,202.68,215.35,172988
300750.SZ,20221216,212.41,214.79,209.83,212.13,89422
300750.SZ,20221219,212.68,218.85,212.16,213.46,101059
300750.SZ,20221220,213.23,213.57,207.12,207.41,81208
300750.SZ,20221221,207.68,209.05,204.63,205.91,54031
300750.SZ,20221222,208.23,208.23,202.12,203.23,73905
300750.SZ,20221223,200.4,203.7,198.85,201.28,73858
300750.SZ,20221226,201.28,206.15,197.18,204.3,115123
300750.SZ,20221227,203.36,205.45,200.27,204.11,81397
300750.SZ,20221228,201.05,201.18,191.17,198.79,185293
300750.SZ,20221229,197.12,200.9,196.79,198.77,98975
300750.SZ,20221230,201.29,203.23,198.23,198.47,74052
300750.SZ,20230103,197.68,198.0,191.97,196.37,104820
300750.SZ,20230104,194.62,194.9,192.15,193.24,196023
300750.SZ,20230105,195.46,207.77,193.8,206.3,260433
300750.SZ,20230106,205.46,216.0,204.38,211.38,183925
300750.SZ,20230109,214.83,214.83,209.9,211.35,128403
300750.SZ,20230110,211.93,221.57,209.51,219.9,182607
300750.SZ,20230111,219.07,222.12,215.46,217.6,122418
300750.SZ,20230112,219.9,223.67,218.61,220.73,111368
300750.SZ,20230113,226.57,231.3,218.79,224.07,207575
300750.SZ,20230116,223.51,229.62,221.63,228.03,168091
300750.SZ,20230117,228.2,230.94,226.35,227.46,98958
300750.SZ,20230118,229.07,230.39,226.07,229.07,73443
300750.SZ,20230119,227.31,230.73,225.56,228.11,73100
300750.SZ,20230120,228.11,231.12,226.71,231.01,107657
300750.SZ,20230130,246.22,252.43,239.61,241.37,211743
300750.SZ,20230131,240.95,245.18,236.81,238.35,139540
300750.SZ,20230201,241.56,246.21,241.28,244.79,115022
300750.SZ,20230202,245.94,246.4,238.17,238.85,134557
300750.SZ,20230203,237.68,238.9,230.67,233.35,120200
300750.SZ,20230206,231.01,231.86,224.95,230.23,107529
300750.SZ,20230207,230.17,232.01,226.93,228.85,72112
300750.SZ,20230208,229.68,231.82,227.12,228.35,73299
300750.SZ,20230209,228.35,233.23,225.18,231.56,80314
300750.SZ,20230210,231.57,233.06,227.13,227.65,83978
300750.SZ,20230213,230.45,236.33,228.24,235.46,134185
300750.SZ,20230214,240.46,240.62,227.56,230.48,128122
300750.SZ,20230215,231.62,233.79,228.79,229.12,77734
300750.SZ,20230216,231.01,232.4,223.23,226.12,100911
300750.SZ,20230217,225.46,225.46,213.23,213.34,214696
300750.SZ,20230220,211.01,214.28,205.64,213.5,168299
300750.SZ,20230221,211.83,214.62,208.79,210.46,131846
300750.SZ,20230222,207.12,209.96,205.83,207.38,123639
300750.SZ,20230223,207.68,210.53,206.23,209.47,95373
300750.SZ,20230224,208.23,208.68,204.36,205.12,99894
300750.SZ,20230227,203.64,205.17,202.18,202.73,92206
300750.SZ,20230228,204.34,206.73,202.96,204.29,93231
300750.SZ,20230301,203.85,210.0,203.81,208.67,126020
300750.SZ,20230302,207.4,208.23,200.01,202.57,161453
300750.SZ,20230303,203.4,205.3,202.12,203.41,82031
300750.SZ,20230306,203.33,207.05,197.68,206.8,166267
300750.SZ,20230307,204.35,207.12,203.14,203.35,99184
300750.SZ,20230308,202.13,203.75,199.41,200.86,81294
300750.SZ,20230309,200.01,202.83,195.59,200.46,81367
300750.SZ,20230310,203.06,207.64,199.85,205.34,191426
300750.SZ,20230313,203.81,205.82,196.57,197.68,188332
300750.SZ,20230314,197.06,197.12,189.9,195.03,184847
300750.SZ,20230315,198.23,199.76,193.02,195.46,129683
300750.SZ,20230316,193.23,196.52,192.96,193.85,101132
300750.SZ,20230317,196.01,196.56,188.51,188.78,201447
300750.SZ,20230320,187.98,193.57,184.35,190.98,158370
300750.SZ,20230321,192.23,198.89,190.29,198.67,172924
300750.SZ,20230322,201.42,206.93,200.47,201.68,176872
300750.SZ,20230323,201.01,203.19,199.03,201.22,100289
300750.SZ,20230324,201.23,203.38,196.57,198.56,117653
300750.SZ,20230327,197.18,201.35,193.47,200.18,161157
300750.SZ,20230328,198.79,200.0,196.68,198.01,75906
300750.SZ,20230329,199.46,204.5,198.25,202.22,137546
300750.SZ,20230330,202.67,203.23,200.65,202.18,86819
300750.SZ,20230331,204.62,210.45,204.62,205.48,196076
300750.SZ,20230403,205.52,205.9,199.9,201.41,167632
300750.SZ,20230404,202.12,202.12,192.02,195.46,200897
300750.SZ,20230406,193.23,196.32,191.1,195.47,105816
300750.SZ,20230407,194.43,198.79,193.43,196.85,100581
300750.SZ,20230410,198.73,203.3,195.46,203.24,172379
300750.SZ,20230411,202.13,207.61,201.01,202.1,143663
300750.SZ,20230412,202.12,202.12,197.68,197.68,87367
300750.SZ,20230413,196.57,197.32,193.79,195.6,100464
300750.SZ,20230414,195.4,203.44,195.18,200.62,159237
300750.SZ,20230417,200.08,207.68,199.79,206.5,176632
300750.SZ,20230418,206.51,212.12,206.17,207.12,140605
300750.SZ,20230419,210.18,210.37,205.46,207.88,116224
300750.SZ,20230420,207.85,207.85,199.9,199.9,158438
300750.SZ,20230421,204.62,210.41,201.57,204.9,252760
300750.SZ,20230424,204.96,205.46,198.17,200.39,173774
300750.SZ,20230425,201.01,201.01,191.01,194.29,168989
300750.SZ,20230426,194.3,209.25,191.31,205.8,397075
300750.SZ,20230427,205.3,213.78,203.61,212.3,339691
300750.SZ,20230428,215.3,218.63,208.19,212.15,271048
300750.SZ,20230504,212.3,213.8,205.85,206.82,194091
300750.SZ,20230505,206.3,211.3,205.02,208.3,167409
300750.SZ,20230508,211.3,215.09,207.36,212.11,227531
300750.SZ,20230509,211.68,211.68,205.35,207.13,196538
300750.SZ,20230510,207.1,215.55,202.51,213.82,289568
300750.SZ,20230511,213.85,224.28,212.5,221.7,347474
300750.SZ,20230512,223.29,225.86,219.28,219.28,223100
300750.SZ,20230515,222.31,225.3,216.4,219.59,267065
300750.SZ,20230516,219.7,222.27,218.07,220.3,139740
300750.SZ,20230517,220.3,222.98,217.36,221.3,182464
300750.SZ,20230518,222.6,222.67,212.34,213.7,241239
300750.SZ,20230519,213.05,215.48,211.3,211.3,194722
300750.SZ,20230522,210.3,213.8,208.3,211.6,146791
300750.SZ,20230523,212.18,213.01,206.45,206.72,196132
300750.SZ,20230524,206.1,209.81,205.02,206.55,147857
300750.SZ,20230525,206.15,208.98,203.79,205.39,137533
300750.SZ,20230526,205.5,205.8,198.8,201.3,182117
300750.SZ,20230529,203.5,203.52,196.9,198.36,165372
300750.SZ,20230530,198.3,206.29,197.31,206.29,264671
300750.SZ,20230531,206.35,208.19,201.46,202.47,188697
300750.SZ,20230601,203.94,209.3,202.81,204.2,159410
300750.SZ,20230602,206.2,211.29,205.3,209.74,231815
300750.SZ,20230605,207.2,207.2,197.69,201.1,335951
300750.SZ,20230606,199.31,203.6,198.28,200.58,172425
300750.SZ,20230607,197.68,197.8,185.75,188.6,500939
300750.SZ,20230608,194.05,194.6,188.3,189.31,238579
300750.SZ,20230609,189.85,194.43,189.85,193.34,242617
300750.SZ,20230612,193.25,195.3,190.2,193.25,181316
300750.SZ,20230613,192.31,195.23,191.98,194.4,132437
300750.SZ,20230614,198.45,198.93,194.3,194.7,163629
300750.SZ,20230615,196.29,212.18,196.19,212.18,504957
300750.SZ,20230616,213.3,215.47,209.6,212.4,296398
300750.SZ,20230619,214.29,214.29,207.3,209.18,187071
300750.SZ,20230620,209.17,212.61,207.07,209.3,179605
300750.SZ,20230621,210.11,211.8,206.2,206.21,171184
300750.SZ,20230626,201.21,208.25,200.98,206.47,159106
300750.SZ,20230627,205.28,207.6,202.48,204.77,134206
300750.SZ,20230628,203.52,207.8,203.3,205.8,135586
300750.SZ,20230629,204.81,208.21,203.8,203.8,99302
300750.SZ,20230630,205.29,211.29,201.65,210.09,215515
300750.SZ,20230703,213.25,215.25,209.85,211.18,155544
300750.SZ,20230704,209.8,211.35,208.98,210.55,101557
300750.SZ,20230705,210.56,211.71,206.8,208.81,86364
300750.SZ,20230706,208.3,209.78,205.27,206.15,102836
300750.SZ,20230707,206.1,206.15,202.9,203.55,98084
300750.SZ,20230710,204.3,211.3,204.3,210.1,160938
300750.SZ,20230711,210.95,211.29,207.88,210.39,91588
300750.SZ,20230712,209.8,210.7,207.8,208.29,86933
300750.SZ,20230713,209.51,216.3,209.51,211.3,222577
300750.SZ,20230714,211.45,212.23,207.85,209.58,130041
300750.SZ,20230717,208.31,209.3,204.9,206.95,104525
300750.SZ,20230718,209.1,209.18,205.8,206.8,85758
300750.SZ,20230719,205.3,206.25,199.88,200.8,176002
300750.SZ,20230720,200.3,207.99,200.3,202.35,144416
300750.SZ,20230721,202.15,204.28,201.06,202.89,83935
300750.SZ,20230724,198.45,202.18,195.44,200.28,137193
300750.SZ,20230725,206.2,208.94,202.32,207.65,192862
300750.SZ,20230726,206.42,208.3,204.96,207.96,154568
300750.SZ,20230727,212.3,214.18,208.18,208.28,208592
300750.SZ,20230728,208.28,212.3,206.35,211.35,188031
300750.SZ,20230731,215.3,220.8,214.4,219.05,299028
300750.SZ,20230801,218.7,220.4,215.8,216.8,156152
300750.SZ,20230802,218.3,220.79,216.8,217.8,141472
300750.SZ,20230803,217.3,221.27,216.83,220.44,161805
300750.SZ,20230804,226.3,231.26,222.41,226.81,315697
300750.SZ,20230807,225.8,228.24,224.61,227.79,149277
300750.SZ,20230808,227.28,230.63,226.18,228.44,150667
300750.SZ,20230809,226.8,228.98,224.44,228.3,116847
300750.SZ,20230810,229.2,232.63,225.42,227.8,140410
300750.SZ,20230811,230.25,230.25,222.8,222.8,172041
300750.SZ,20230814,220.5,221.28,211.51,214.2,256932
300750.SZ,20230815,214.18,215.9,210.7,212.6,146101
300750.SZ,20230816,212.82,215.68,211.41,213.9,140090
300750.SZ,20230817,216.29,217.8,210.18,216.55,204428
300750.SZ,20230818,216.59,220.42,215.72,217.17,167700
300750.SZ,20230821,215.29,217.17,213.5,214.26,107804
300750.SZ,20230822,216.1,216.48,208.81,212.05,151889
300750.SZ,20230823,212.0,213.2,208.3,208.8,118749
300750.SZ,20230824,210.18,212.84,207.8,210.25,141577
300750.SZ,20230825,209.23,211.27,207.11,209.64,111851
300750.SZ,20230828,222.8,225.26,210.8,211.8,223115
300750.SZ,20230829,212.5,224.3,212.22,219.8,291750
300750.SZ,20230830,220.7,223.3,218.8,218.8,145916
300750.SZ,20230831,218.4,219.8,217.43,217.85,96715
300750.SZ,20230901,217.9,220.81,215.9,217.7,91011
300750.SZ,20230904,219.51,220.06,214.7,218.95,140524
300750.SZ,20230905,218.3,220.8,217.46,218.12,115817
300750.SZ,20230906,217.35,218.47,214.1,215.72,124748
300750.SZ,20230907,214.3,215.05,207.81,207.81,192661
300750.SZ,20230908,206.3,208.5,201.8,204.24,164994
300750.SZ,20230911,204.2,204.85,200.98,202.83,170609
300750.SZ,20230912,203.3,203.71,198.84,199.23,182312
300750.SZ,20230913,198.3,200.45,196.33,197.9,151357
300750.SZ,20230914,194.98,197.6,194.33,196.23,182941
300750.SZ,20230915,193.3,195.3,187.9,189.06,336800
300750.SZ,20230918,187.3,195.99,187.3,194.36,265935
300750.SZ,20230919,194.36,194.78,191.9,193.62,150244
300750.SZ,20230920,194.3,194.63,189.98,191.2,130875
300750.SZ,20230921,191.31,192.25,187.97,188.03,162149
300750.SZ,20230922,186.8,192.75,186.8,192.23,225091
300750.SZ,20230925,194.32,194.92,190.01,190.58,136054
300750.SZ,20230926,187.97,188.65,184.8,185.8,202538
300750.SZ,20230927,187.6,189.79,183.75,184.96,218490
300750.SZ,20230928,185.3,187.8,183.88,184.33,158095
300750.SZ,20231009,182.3,182.58,174.3,176.8,337428
300750.SZ,20231010,179.18,179.3,176.02,176.02,198655
300750.SZ,20231011,179.17,179.9,175.4,176.07,202482
300750.SZ,20231012,176.31,179.1,175.3,177.24,242059
300750.SZ,20231013,175.15,176.13,170.9,171.9,284222
300750.SZ,20231016,171.64,171.83,165.21,166.06,246836
300750.SZ,20231017,166.81,170.6,165.87,166.74,215583
300750.SZ,20231018,166.4,169.55,164.9,167.6,176519
300750.SZ,20231019,165.71,166.98,163.58,164.0,174542
300750.SZ,20231020,160.3,168.99,160.3,162.3,300269
300750.SZ,20231023,161.6,161.6,157.1,158.56,202233
300750.SZ,20231024,159.3,160.5,156.6,157.72,243795
300750.SZ,20231025,159.5,160.8,156.98,157.28,215342
300750.SZ,20231026,155.3,159.6,150.11,159.37,414206
300750.SZ,20231027,159.15,167.18,157.32,166.02,477953
300750.SZ,20231030,168.3,171.18,166.1,169.32,322595
300750.SZ,20231031,167.98,168.52,165.9,166.9,181525
300750.SZ,20231101,167.09,171.6,165.8,168.84,197273
300750.SZ,20231102,169.8,171.18,166.87,166.87,137627
300750.SZ,20231103,167.3,169.98,165.9,168.74,143655
300750.SZ,20231106,169.87,178.4,169.75,178.38,349684
300750.SZ,20231107,177.29,177.41,171.42,172.54,260803
300750.SZ,20231108,171.48,174.24,171.3,173.14,146522
300750.SZ,20231109,171.93,173.88,171.83,172.75,109971
300750.SZ,20231110,170.3,171.27,169.35,170.33,116100
300750.SZ,20231113,173.3,173.5,168.32,169.15,125196
300750.SZ,20231114,169.15,170.1,164.3,164.98,234883
300750.SZ,20231115,168.19,169.89,164.88,165.78,238072
300750.SZ,20231116,166.78,166.79,161.4,162.45,174662
300750.SZ,20231117,161.15,162.55,160.79,162.03,110840
300750.SZ,20231120,162.04,163.1,160.31,161.6,124087
300750.SZ,20231121,163.3,165.3,161.31,161.91,197662
300750.SZ,20231122,160.85,162.6,158.3,158.3,186886
300750.SZ,20231123,157.31,159.0,156.19,159.0,157203
300750.SZ,20231124,158.33,159.5,155.8,156.3,166212
300750.SZ,20231127,155.59,155.8,151.9,152.0,184220
300750.SZ,20231128,151.33,153.27,150.17,153.22,202107
300750.SZ,20231129,152.3,152.68,147.67,148.15,251885
300750.SZ,20231130,146.52,149.96,145.79,148.3,230272
300750.SZ,20231201,148.59,149.0,145.73,146.8,169622
300750.SZ,20231204,144.8,145.74,142.54,142.95,239304
300750.SZ,20231205,141.45,143.67,139.95,140.11,248077
300750.SZ,20231206,139.95,148.16,139.52,144.18,367693
300750.SZ,20231207,143.3,147.66,142.9,145.79,269084
300750.SZ,20231208,146.3,147.63,144.42,144.89,245020
300750.SZ,20231211,143.31,146.99,141.46,146.65,214896
300750.SZ,20231212,145.3,146.52,144.28,144.93,147339
300750.SZ,20231213,143.85,144.89,140.01,140.65,252594
300750.SZ,20231214,142.18,142.79,137.74,137.93,227514
300750.SZ,20231215,138.5,139.98,135.9,136.3,202046
300750.SZ,20231218,134.41,134.99,127.58,128.27,429129
300750.SZ,20231219,127.61,131.28,127.57,130.3,251852
300750.SZ,20231220,130.5,132.5,129.62,129.75,212494
300750.SZ,20231221,128.87,136.63,128.87,135.69,421315
300750.SZ,20231222,134.8,139.71,133.5,137.59,280321
300750.SZ,20231225,136.8,139.18,136.1,138.84,130056
300750.SZ,20231226,138.27,138.8,136.04,137.43,127673
300750.SZ,20231227,138.83,139.3,135.17,135.63,173565
300750.SZ,20231228,135.52,144.46,134.87,144.29,378502
300750.SZ,20231229,145.28,146.3,143.3,144.56,226838
300750.SZ,20240102,143.52,143.83,137.92,138.13,214033
300750.SZ,20240103,137.4,138.58,135.7,137.1,197576
300750.SZ,20240104,136.8,137.02,131.07,132.5,272418
300750.SZ,20240105,132.29,136.03,130.79,132.2,210353
300750.SZ,20240108,131.5,134.69,130.38,131.3,193854
300750.SZ,20240109,131.26,132.67,127.05,130.0,233916
300750.SZ,20240110,128.24,134.41,127.85,131.96,232120
300750.SZ,20240111,131.96,139.07,129.81,136.12,328018
300750.SZ,20240112,135.3,138.63,133.5,135.93,254622
300750.SZ,20240115,134.8,135.0,130.65,133.0,172722
300750.SZ,20240116,132.96,138.55,131.86,138.25,284693
300750.SZ,20240117,138.16,138.16,133.05,133.54,217615
300750.SZ,20240118,131.4,136.5,131.31,135.91,307788
300750.SZ,20240119,135.1,139.19,134.7,136.2,265949
300750.SZ,20240122,134.8,141.25,131.95,136.96,404888
300750.SZ,20240123,136.3,140.1,134.49,135.21,323059
300750.SZ,20240124,135.8,136.29,130.81,134.78,248710
300750.SZ,20240125,133.3,136.4,131.01,136.3,294796
300750.SZ,20240126,133.8,135.78,131.3,131.3,271813
300750.SZ,20240129,130.74,132.08,128.32,128.32,217675
300750.SZ,20240130,126.8,128.74,121.7,122.05,327274
300750.SZ,20240131,126.3,134.26,125.3,132.89,595221
300750.SZ,20240201,132.88,133.82,129.88,130.32,279688
300750.SZ,20240202,129.3,130.3,124.67,127.3,307060
300750.SZ,20240205,123.91,135.8,123.6,133.24,471326
300750.SZ,20240206,132.49,140.56,132.12,139.63,437459
300750.SZ,20240207,139.3,141.09,137.3,140.9,366070
300750.SZ,20240208,140.8,146.3,140.18,144.14,309012
300750.SZ,20240219,146.26,146.26,140.39,141.39,270925
300750.SZ,20240220,143.18,143.18,137.37,139.63,221948
300750.SZ,20240221,138.68,144.6,137.64,142.5,257827
300750.SZ,20240222,142.63,142.63,140.18,141.65,209559
300750.SZ,20240223,143.27,143.3,140.36,141.8,210176
300750.SZ,20240226,140.53,141.29,136.0,137.3,360664
300750.SZ,20240227,136.38,139.15,135.84,139.13,290401
300750.SZ,20240228,139.48,144.6,138.31,138.31,400917
300750.SZ,20240229,137.4,145.07,136.96,144.81,391675
300750.SZ,20240301,144.83,146.86,143.7,145.85,281013
300750.SZ,20240304,146.3,149.16,144.07,145.2,268086
300750.SZ,20240305,143.4,146.5,141.3,145.95,275496
300750.SZ,20240306,143.88,148.2,143.0,144.94,187180
300750.SZ,20240307,144.3,145.47,140.78,141.45,221450
300750.SZ,20240308,140.43,142.1,137.95,139.3,202170
300750.SZ,20240311,146.3,162.95,145.4,162.15,763350
300750.SZ,20240312,164.64,167.73,161.3,167.14,621649
300750.SZ,20240313,168.3,168.99,164.6,166.48,347958
300750.SZ,20240314,166.19,169.26,164.26,165.11,305356
300750.SZ,20240315,164.93,165.2,158.15,162.3,354836
300750.SZ,20240318,171.34,175.06,170.25,172.26,483052
300750.SZ,20240319,171.79,173.6,167.9,168.55,269576
300750.SZ,20240320,166.81,172.54,166.81,170.78,210316
300750.SZ,20240321,170.81,173.18,170.38,170.38,187567
300750.SZ,20240322,170.39,171.21,166.29,167.81,191034
300750.SZ,20240325,166.87,169.5,165.78,166.1,164134
300750.SZ,20240326,167.0,174.43,166.99,173.1,302473
300750.SZ,20240327,173.04,173.05,169.3,169.3,206457
300750.SZ,20240328,169.37,173.0,167.9,170.08,200367
300750.SZ,20240329,171.6,176.3,170.68,171.46,164648
300750.SZ,20240401,175.3,181.13,174.7,179.14,275132
300750.SZ,20240402,179.4,182.87,177.8,181.0,240381
300750.SZ,20240403,180.24,180.25,175.9,178.95,234890
300750.SZ,20240408,178.95,181.2,175.9,175.9,189576
300750.SZ,20240409,175.3,177.8,175.01,177.3,145700
300750.SZ,20240410,175.41,176.3,172.83,174.04,179615
300750.SZ,20240411,172.11,175.6,168.3,173.9,192954
300750.SZ,20240412,172.3,173.28,169.31,169.69,166256
300750.SZ,20240415,175.15,178.44,173.16,178.44,305483
300750.SZ,20240416,180.3,180.6,176.22,178.45,276231
300750.SZ,20240417,176.65,178.23,174.32,177.29,216192
300750.SZ,20240418,175.27,178.75,172.69,176.86,195396
300750.SZ,20240419,174.36,175.76,170.81,172.1,184915
300750.SZ,20240422,174.1,176.19,171.87,171.9,150987
300750.SZ,20240423,172.43,173.8,169.18,171.23,111138
300750.SZ,20240424,173.3,173.7,167.7,170.9,151543
300750.SZ,20240425,169.87,175.65,169.19,174.5,164183
300750.SZ,20240426,173.31,180.18,173.31,179.78,224881
300750.SZ,20240429,181.87,194.8,181.3,190.93,438630
300750.SZ,20240430,192.09,192.09,188.33,188.93,214330
300750.SZ,20240506,197.33,198.03,192.36,193.31,270999
300750.SZ,20240507,192.51,194.21,191.48,193.21,131799
300750.SZ,20240508,193.33,194.13,189.44,189.56,124330
300750.SZ,20240509,192.6,196.84,192.53,195.73,219216
300750.SZ,20240510,195.73,195.73,189.33,189.83,228011
300750.SZ,20240513,182.63,188.1,181.84,185.68,221967
300750.SZ,20240514,186.93,187.53,184.45,185.34,106947
300750.SZ,20240515,185.34,189.66,183.83,184.22,130741
300750.SZ,20240516,185.13,187.97,183.31,186.0,153782
300750.SZ,20240517,186.03,189.33,184.91,189.33,184962
300750.SZ,20240520,193.53,194.21,189.34,189.78,199172
300750.SZ,20240521,190.0,190.91,186.89,187.89,122964
300750.SZ,20240522,188.83,193.33,187.93,191.22,252366
300750.SZ,20240523,190.53,191.98,189.46,190.67,176548
300750.SZ,20240524,189.13,191.19,187.12,187.31,155107
300750.SZ,20240527,188.13,188.13,184.83,186.34,163618
300750.SZ,20240528,185.79,186.91,183.93,184.13,126900
300750.SZ,20240529,184.34,188.83,184.13,185.12,133388
300750.SZ,20240530,185.38,187.21,183.99,185.68,127840
300750.SZ,20240531,185.68,188.58,184.09,184.09,138086
300750.SZ,20240603,184.09,189.93,182.13,188.83,187181
300750.SZ,20240604,188.32,193.57,187.33,192.3,177149
300750.SZ,20240605,192.03,194.18,190.34,190.45,117774
300750.SZ,20240606,190.31,193.21,188.53,191.12,124126
300750.SZ,20240607,185.19,188.78,173.92,179.53,516868
300750.SZ,20240611,175.33,178.33,170.94,175.1,420724
300750.SZ,20240612,172.33,176.09,171.81,171.93,203104
300750.SZ,20240613,173.33,176.34,171.45,171.51,221176
300750.SZ,20240614,172.43,172.91,164.91,171.22,371849
300750.SZ,20240617,168.88,176.83,168.64,174.53,269293
300750.SZ,20240618,174.48,176.8,173.35,176.66,156529
300750.SZ,20240619,176.93,177.03,174.01,175.34,107540
300750.SZ,20240620,176.32,176.44,173.43,174.32,115624
300750.SZ,20240621,174.64,175.29,168.7,171.49,184677
300750.SZ,20240624,169.33,174.32,169.33,173.31,180355
300750.SZ,20240625,173.33,175.53,171.93,172.65,144144
300750.SZ,20240626,171.45,172.96,169.53,171.84,104814
300750.SZ,20240627,171.84,172.21,169.34,171.33,126536
300750.SZ,20240628,170.13,171.81,166.17,166.36,194205
300750.SZ,20240701,165.52,165.61,157.5,162.4,269957
300750.SZ,20240702,160.18,163.29,158.44,162.41,144156
300750.SZ,20240703,163.33,168.83,162.64,165.83,162053
300750.SZ,20240704,166.72,169.32,165.53,165.93,118346
300750.SZ,20240705,167.33,168.82,162.83,163.95,135247
300750.SZ,20240708,162.34,164.7,161.34,162.24,108064
300750.SZ,20240709,161.63,163.63,159.42,162.1,164439
300750.SZ,20240710,161.34,166.42,159.38,159.38,177729
300750.SZ,20240711,161.33,165.31,159.82,163.34,208111
300750.SZ,20240712,164.18,168.1,163.33,166.13,195505
300750.SZ,20240715,164.63,166.28,163.44,164.45,114697
300750.SZ,20240716,163.83,166.83,163.63,165.63,151487
300750.SZ,20240717,164.33,168.99,162.27,167.22,185901
300750.SZ,20240718,166.33,175.43,166.01,174.68,319944
300750.SZ,20240719,172.68,176.42,172.53,175.77,208476
300750.SZ,20240722,177.52,180.51,173.73,175.85,171683
300750.SZ,20240723,175.34,176.03,172.53,172.53,119031
300750.SZ,20240724,172.33,175.42,171.72,172.65,144681
300750.SZ,20240725,172.45,177.06,171.39,174.06,205959
300750.SZ,20240726,176.33,179.63,174.38,175.68,233477
300750.SZ,20240729,173.33,173.33,166.33,170.86,213624
300750.SZ,20240730,169.55,171.66,169.55,171.22,127252
300750.SZ,20240731,168.33,173.21,168.33,172.64,198969
300750.SZ,20240801,171.33,172.33,166.43,166.63,230127
300750.SZ,20240802,165.33,166.33,163.07,163.42,154937
300750.SZ,20240805,161.34,166.52,161.33,163.33,193477
300750.SZ,20240806,164.74,165.72,160.04,161.28,157687
300750.SZ,20240807,161.28,162.56,160.0,160.0,127540
300750.SZ,20240808,159.34,159.93,156.45,158.73,146590
300750.SZ,20240809,159.93,161.2,156.33,156.33,154130
300750.SZ,20240812,156.9,157.45,153.13,155.33,174156
300750.SZ,20240813,155.22,161.29,154.71,160.11,193893
300750.SZ,20240814,159.32,160.78,158.05,158.54,99663
300750.SZ,20240815,158.33,160.93,157.62,159.73,144812
300750.SZ,20240816,159.73,162.33,159.21,159.95,111506
300750.SZ,20240819,159.68,164.27,159.48,161.93,140358
300750.SZ,20240820,161.33,162.33,159.99,161.2,84370
300750.SZ,20240821,160.33,161.74,158.33,160.34,111474
300750.SZ,20240822,161.31,166.3,160.63,165.13,199011
300750.SZ,20240823,163.33,168.85,163.33,168.13,184152
300750.SZ,20240826,168.23,170.89,167.33,170.25,148387
300750.SZ,20240827,168.85,170.82,167.83,169.83,99770
300750.SZ,20240828,169.13,170.02,167.61,169.15,106390
300750.SZ,20240829,165.5,169.32,165.5,167.13,156702
300750.SZ,20240830,167.13,172.29,167.13,170.67,254292
300750.SZ,20240902,170.77,171.92,167.33,167.52,129852
300750.SZ,20240903,166.63,173.03,166.35,171.98,181969
300750.SZ,20240904,171.65,175.33,171.18,173.48,165645
300750.SZ,20240905,173.48,175.88,172.13,173.13,123182
300750.SZ,20240906,172.45,174.83,171.73,172.28,75255
300750.SZ,20240909,171.44,174.99,169.8,171.48,134754
300750.SZ,20240910,171.83,171.83,167.38,167.49,154244
300750.SZ,20240911,168.73,174.11,167.49,172.89,211971
300750.SZ,20240912,174.33,178.49,173.04,175.68,207100
300750.SZ,20240913,175.21,175.21,169.83,169.83,172873
300750.SZ,20240918,169.93,173.76,169.62,172.73,113779
300750.SZ,20240919,173.33,174.55,169.93,173.23,157694
300750.SZ,20240920,173.23,174.23,170.01,171.93,155027
300750.SZ,20240923,172.99,175.76,171.83,174.53,157925
300750.SZ,20240924,178.29,184.5,175.22,183.85,354517
300750.SZ,20240925,193.72,193.73,188.92,189.43,420101
300750.SZ,20240926,190.03,193.66,185.26,191.84,354893
300750.SZ,20240927,198.33,218.01,198.0,213.14,701813
300750.SZ,20240930,219.35,241.33,218.33,238.22,913611
300750.SZ,20241008,282.33,287.83,253.99,285.33,1376465
300750.SZ,20241009,266.23,266.32,241.33,241.33,1086916
300750.SZ,20241010,241.33,252.32,236.49,244.33,608338
300750.SZ,20241011,241.83,241.83,224.26,228.12,476402
300750.SZ,20241014,236.32,239.13,231.27,236.05,467599
300750.SZ,20241015,236.14,237.17,227.46,227.55,327653
300750.SZ,20241016,225.15,225.15,219.66,220.18,335860
300750.SZ,20241017,220.33,225.21,217.19,217.83,261647
300750.SZ,20241018,216.33,245.21,215.93,236.22,680138
300750.SZ,20241021,245.33,248.86,238.08,239.69,584558
300750.SZ,20241022,240.33,240.89,233.59,236.88,278760
300750.SZ,20241023,234.14,241.27,233.19,235.63,321541
300750.SZ,20241024,236.1,237.83,231.33,232.49,214658
300750.SZ,20241025,238.67,251.33,232.63,245.21,578986
300750.SZ,20241028,242.46,244.94,239.33,242.57,276019
300750.SZ,20241029,242.57,244.04,237.57,238.11,269948
300750.SZ,20241030,236.33,238.63,230.83,234.36,271344
300750.SZ,20241031,233.32,236.83,230.33,232.31,255003
300750.SZ,20241101,232.86,236.15,231.51,232.53,259158
300750.SZ,20241104,230.33,240.63,230.33,237.53,242472
300750.SZ,20241105,236.91,249.15,235.46,247.72,484821
300750.SZ,20241106,245.32,255.83,239.83,242.83,452393
300750.SZ,20241107,244.33,249.13,240.21,249.13,335710
300750.SZ,20241108,255.99,258.33,243.43,243.83,402941
300750.SZ,20241111,238.68,255.32,237.34,253.83,491539
300750.SZ,20241112,264.61,271.53,257.31,259.35,744030
300750.SZ,20241113,255.33,274.53,253.1,268.33,557737
300750.SZ,20241114,269.33,271.32,260.99,261.33,426572
300750.SZ,20241115,255.83,261.33,251.89,251.89,351983
300750.SZ,20241118,251.89,257.28,247.33,249.25,306500
300750.SZ,20241119,248.35,258.33,244.33,255.05,348129
300750.SZ,20241120,253.28,256.23,250.93,253.88,227088
300750.SZ,20241121,251.99,257.76,249.99,254.59,205508
300750.SZ,20241122,254.26,255.33,245.21,245.43,225551
300750.SZ,20241125,249.39,252.89,247.51,250.43,262391
300750.SZ,20241126,247.9,250.3,241.99,243.05,273604
300750.SZ,20241127,241.03,247.23,237.8,246.23,274007
300750.SZ,20241128,245.53,245.86,239.83,241.03,223556
300750.SZ,20241129,237.56,254.32,237.56,247.57,313663
300750.SZ,20241202,244.97,249.88,243.54,248.52,206475
300750.SZ,20241203,247.33,249.32,245.33,248.17,173108
300750.SZ,20241204,246.33,248.33,243.83,245.3,161814
300750.SZ,20241205,244.32,245.28,241.34,242.33,160216
300750.SZ,20241206,242.33,256.23,241.33,252.88,330381
300750.SZ,20241209,253.32,255.99,250.74,254.38,224561
300750.SZ,20241210,267.61,267.83,255.66,256.9,329044
300750.SZ,20241211,260.29,265.83,252.85,253.43,194008
300750.SZ,20241212,252.23,261.71,251.53,260.04,223295
300750.SZ,20241213,256.21,258.33,252.33,253.36,283164
300750.SZ,20241216,252.55,255.83,250.38,253.53,162575
300750.SZ,20241217,253.33,264.33,252.87,260.13,282146
300750.SZ,20241218,260.64,261.06,256.64,257.74,150853
300750.SZ,20241219,255.59,258.68,252.95,256.12,153460
300750.SZ,20241220,256.12,257.13,246.65,249.04,277401
300750.SZ,20241223,249.04,255.21,249.04,249.83,206394
300750.SZ,20241224,249.33,254.58,249.33,254.56,196154
300750.SZ,20241225,255.24,257.24,252.59,254.3,114138
300750.SZ,20241226,253.53,253.53,247.33,247.58,224438
300750.SZ,20241227,246.9,249.75,241.33,248.33,243519
300750.SZ,20241230,247.21,253.83,246.84,252.91,226314
300750.SZ,20241231,251.42,256.83,251.42,252.33,249340
300750.SZ,20250102,252.58,252.63,243.33,245.11,233546
300750.SZ,20250103,245.11,249.33,243.54,243.96,185238
300750.SZ,20250106,244.33,246.33,239.33,243.08,172891
300750.SZ,20250107,229.33,238.33,227.41,235.78,401036
300750.SZ,20250108,232.32,234.64,229.65,231.67,271858
300750.SZ,20250109,227.68,236.58,227.49,233.66,169329
300750.SZ,20250110,232.83,236.28,231.01,232.33,147294
300750.SZ,20250113,229.83,236.33,228.33,233.24,180922
300750.SZ,20250114,234.04,243.33,231.54,242.53,202467
300750.SZ,20250115,242.53,242.73,236.0,237.2,150627
300750.SZ,20250116,238.33,240.93,234.59,236.26,161884
300750.SZ,20250117,234.83,239.83,234.41,237.83,111066
300750.SZ,20250120,242.83,253.94,242.64,251.85,342835
300750.SZ,20250121,254.83,255.09,249.55,250.51,138933
300750.SZ,20250122,248.33,251.23,240.54,244.33,250407
300750.SZ,20250123,246.18,248.83,243.31,243.83,165537
300750.SZ,20250124,243.57,252.34,243.57,248.18,224398
300750.SZ,20250127,248.19,250.53,244.56,244.56,171026
300750.SZ,20250205,247.56,249.56,238.61,239.68,240481
300750.SZ,20250206,238.56,241.05,236.76,240.66,248961
300750.SZ,20250207,244.56,250.12,239.18,248.84,344413
300750.SZ,20250210,248.84,249.03,242.74,246.01,229267
300750.SZ,20250211,248.0,248.06,238.62,239.36,247920
300750.SZ,20250212,237.57,243.56,234.64,242.86,273822
300750.SZ,20250213,243.55,251.55,242.66,248.95,375350
300750.SZ,20250214,249.09,260.56,249.09,257.27,387800
300750.SZ,20250217,262.46,262.46,253.58,256.96,241830
300750.SZ,20250218,260.52,263.06,256.56,258.33,238458
300750.SZ,20250219,256.13,263.56,256.11,261.11,204455
300750.SZ,20250220,260.36,260.36,254.56,257.76,195890
300750.SZ,20250221,256.14,264.44,255.34,263.11,309519
300750.SZ,20250224,260.57,262.26,255.72,259.06,277538
300750.SZ,20250225,255.04,261.56,252.07,257.04,232094
300750.SZ,20250226,259.01,260.44,254.74,256.18,211731
300750.SZ,20250227,257.83,259.26,255.23,257.56,231851
300750.SZ,20250228,257.16,258.87,251.17,251.86,222655
300750.SZ,20250303,252.56,266.86,249.8,261.09,387364
300750.SZ,20250304,257.56,258.56,250.29,250.56,268365
300750.SZ,20250305,250.56,251.45,246.06,248.55,208696
300750.SZ,20250306,249.81,253.09,248.56,251.87,250273
300750.SZ,20250307,250.52,251.14,246.24,248.32,222871
300750.SZ,20250310,249.36,249.42,241.17,244.06,286751
300750.SZ,20250311,240.63,243.06,240.61,242.76,171351
300750.SZ,20250312,243.57,244.18,239.05,242.06,199147
300750.SZ,20250313,241.56,246.76,240.56,240.78,168852
300750.SZ,20250314,240.56,252.41,240.21,249.56,351089
300750.SZ,20250317,250.66,253.03,243.3,243.56,335155
300750.SZ,20250318,245.56,248.34,243.06,244.56,225767
300750.SZ,20250319,244.76,254.53,244.34,252.95,369541
300750.SZ,20250320,252.95,254.06,248.58,249.71,144247
300750.SZ,20250321,250.24,252.09,243.23,243.56,194320
300750.SZ,20250324,245.26,246.54,243.84,245.72,167302
300750.SZ,20250325,245.27,247.56,242.85,247.04,127858
300750.SZ,20250326,246.96,250.26,244.26,244.48,129046
300750.SZ,20250327,243.75,250.36,241.81,246.44,141792
300750.SZ,20250328,243.67,246.44,243.36,244.36,112421
300750.SZ,20250331,243.62,245.54,239.68,240.5,194634
300750.SZ,20250401,240.5,242.06,236.14,236.62,194162
300750.SZ,20250402,237.76,240.02,235.12,236.7,137321
300750.SZ,20250403,232.56,235.26,230.11,230.64,232816
300750.SZ,20250407,213.65,217.56,196.67,202.78,723646
300750.SZ,20250408,207.51,212.56,203.96,206.61,476594
300750.SZ,20250409,200.48,206.31,197.65,198.95,536023
300750.SZ,20250410,208.56,210.35,203.02,205.54,372741
300750.SZ,20250411,203.56,213.11,202.26,211.56,302991
300750.SZ,20250414,214.71,215.56,210.24,211.56,206965
300750.SZ,20250415,213.56,218.01,212.68,215.71,266865
300750.SZ,20250416,214.56,214.74,209.11,212.45,216551
300750.SZ,20250417,210.56,214.89,209.78,213.56,157377
300750.SZ,20250418,212.77,214.06,211.22,213.02,115128
300750.SZ,20250421,213.02,222.56,211.74,218.92,220082
300750.SZ,20250422,222.09,223.25,219.29,222.78,169354
300750.SZ,20250423,227.09,230.84,225.09,225.44,191980
300750.SZ,20250424,226.59,230.75,224.34,228.96,181554
300750.SZ,20250425,229.29,230.01,227.18,228.69,127620
300750.SZ,20250428,230.34,230.35,225.29,226.94,143124
300750.SZ,20250429,226.09,226.89,222.81,224.12,167424
300750.SZ,20250430,225.14,226.47,223.59,223.59,156328
300750.SZ,20250506,226.0,228.39,223.29,223.72,196877
300750.SZ,20250507,228.54,232.97,228.17,230.7,312810
300750.SZ,20250508,231.58,240.77,230.07,236.66,312856
300750.SZ,20250509,238.16,241.86,236.74,240.36,236933
300750.SZ,20250512,247.09,250.08,245.09,249.09,302315
300750.SZ,20250513,254.09,254.09,247.11,250.86,204806
300750.SZ,20250514,250.86,256.55,248.1,254.69,231463
300750.SZ,20250515,254.71,254.96,251.69,252.27,141119
300750.SZ,20250516,251.23,253.82,249.82,251.45,189001
300750.SZ,20250519,252.59,252.63,249.36,252.09,169740
300750.SZ,20250520,256.53,257.59,247.29,255.09,346424
300750.SZ,20250521,259.08,272.08,257.89,266.17,565245
300750.SZ,20250522,269.89,270.03,260.36,262.46,276081
300750.SZ,20250523,263.1,266.09,259.04,259.08,230004
300750.SZ,20250526,257.09,258.47,244.99,247.99,330122
300750.SZ,20250527,247.98,249.3,244.48,246.08,176680
300750.SZ,20250528,247.7,250.36,245.41,245.69,154563
300750.SZ,20250529,245.09,246.07,241.09,243.94,217883
300750.SZ,20250530,242.99,244.74,239.56,242.09,204337
300750.SZ,20250603,244.09,245.99,242.53,243.24,158412
300750.SZ,20250604,244.59,245.69,242.79,243.14,130402
300750.SZ,20250605,243.45,244.53,240.36,243.59,135259
300750.SZ,20250606,244.09,245.42,240.59,240.97,165515
300750.SZ,20250609,240.97,242.97,237.59,237.67,185498
300750.SZ,20250610,237.09,238.95,234.31,235.23,139325
300750.SZ,20250611,238.18,244.53,236.89,242.59,279934
300750.SZ,20250612,244.09,244.59,240.86,241.9,175696
300750.SZ,20250613,240.19,242.5,238.46,240.29,174032
300750.SZ,20250616,240.09,240.79,237.89,238.75,122176
300750.SZ,20250617,239.05,240.52,237.31,238.35,97650
300750.SZ,20250618,239.07,241.67,237.66,237.66,104606
300750.SZ,20250619,237.39,238.25,233.69,234.19,147985
300750.SZ,20250620,233.15,235.21,231.59,232.35,136883
300750.SZ,20250623,231.39,232.69,230.12,231.7,127099
300750.SZ,20250624,232.67,240.17,232.67,238.01,235011
300750.SZ,20250625,238.59,247.97,238.09,246.99,315377
300750.SZ,20250626,247.97,248.38,244.45,244.88,199145
300750.SZ,20250627,248.59,249.54,242.2,243.08,236201
300750.SZ,20250630,243.59,245.59,241.79,244.31,176234
300750.SZ,20250701,244.59,244.83,241.97,243.59,95323
300750.SZ,20250702,243.59,244.1,241.28,242.54,115714
300750.SZ,20250703,243.56,255.3,242.68,254.68,338037
300750.SZ,20250704,257.1,262.07,253.07,257.89,272060
300750.SZ,20250707,257.89,260.97,250.97,252.98,174665
300750.SZ,20250708,252.79,257.99,251.91,255.4,155923
300750.SZ,20250709,254.29,266.55,254.19,262.89,293884
300750.SZ,20250710,267.08,267.08,260.59,264.09,242393
300750.SZ,20250711,263.59,266.09,262.19,263.59,213282
300750.SZ,20250714,263.09,263.41,258.19,260.59,149789
300750.SZ,20250715,260.59,264.59,258.09,259.84,169526
300750.SZ,20250716,260.59,260.79,255.13,256.49,156265
300750.SZ,20250717,257.46,259.84,256.45,257.59,145110
300750.SZ,20250718,260.79,264.54,257.89,263.29,221866
300750.SZ,20250721,269.09,274.09,265.64,271.75,324863
300750.SZ,20250722,272.09,282.09,271.27,278.75,333090
300750.SZ,20250723,280.25,282.84,278.68,279.11,200190
300750.SZ,20250724,281.09,281.29,275.0,277.29,223891
300750.SZ,20250725,277.29,277.29,273.84,274.89,134326
300750.SZ,20250728,275.11,281.18,273.39,278.39,238973
300750.SZ,20250729,278.79,284.09,278.77,283.91,233946
300750.SZ,20250730,284.29,284.29,268.45,269.18,415943
300750.SZ,20250731,272.89,274.07,256.71,256.71,447104
300750.SZ,20250801,256.89,258.69,254.84,255.16,252500
300750.SZ,20250804,255.09,260.09,253.79,258.57,237682
300750.SZ,20250805,259.59,261.09,255.59,257.79,219760
300750.SZ,20250806,257.31,258.99,255.32,257.09,153233
300750.SZ,20250807,257.09,258.58,254.29,255.14,165481
300750.SZ,20250808,256.09,258.25,254.1,255.57,174282
300750.SZ,20250811,255.57,258.24,254.59,255.75,213309
300750.SZ,20250812,255.59,257.27,249.81,255.34,222407
300750.SZ,20250813,256.86,267.09,256.6,265.69,394668
300750.SZ,20250814,268.98,274.09,266.57,271.98,371708
300750.SZ,20250815,270.47,274.39,268.19,272.76,241092
300750.SZ,20250818,272.76,277.57,270.11,275.09,285288
300750.SZ,20250819,275.09,276.09,268.31,269.89,244286
300750.SZ,20250820,270.59,273.08,265.14,272.29,233535
300750.SZ,20250821,272.36,274.89,271.09,272.09,182698
300750.SZ,20250822,272.02,282.44,271.69,280.27,264219
300750.SZ,20250825,283.09,286.97,279.87,283.37,312297
300750.SZ,20250826,280.11,284.08,278.67,282.59,230245
300750.SZ,20250827,282.09,282.63,271.28,271.39,382584
300750.SZ,20250828,269.15,272.08,265.81,270.5,304664
300750.SZ,20250829,271.4,309.75,271.04,299.27,780139
300750.SZ,20250901,299.59,299.99,292.39,297.09,429964
300750.SZ,20250902,297.12,304.19,292.12,295.96,371169
300750.SZ,20250903,296.59,304.74,296.12,302.09,508975
300750.SZ,20250904,306.56,316.42,293.72,297.12,657548
300750.SZ,20250905,292.99,318.2,292.91,318.2,708198
300750.SZ,20250908,327.09,330.74,316.59,318.46,588346
300750.SZ,20250909,315.89,327.67,310.25,313.09,434024
300750.SZ,20250910,311.08,315.09,306.09,309.13,367527
300750.SZ,20250911,308.64,316.07,302.13,315.64,380345
300750.SZ,20250912,318.99,322.99,315.29,318.09,338713
300750.SZ,20250915,339.1,364.61,337.11,347.79,718410
300750.SZ,20250916,349.2,352.09,341.59,346.51,377445
300750.SZ,20250917,349.89,374.97,347.09,370.19,543771
300750.SZ,20250918,367.68,373.09,353.89,359.98,518897
300750.SZ,20250919,358.09,368.8,354.81,361.58,339149
300750.SZ,20250922,363.59,365.81,355.87,363.14,285278
300750.SZ,20250923,361.09,370.05,353.09,361.24,348493
300750.SZ,20250924,364.09,373.09,359.15,373.02,383145
300750.SZ,20250925,369.69,395.68,369.56,385.94,466393
300750.SZ,20250926,385.11,393.08,373.09,373.49,362633
300750.SZ,20250929,379.43,392.98,379.1,390.46,389647
300750.SZ,20250930,389.09,401.97,389.09,395.09,330313
300750.SZ,20251009,393.07,417.45,392.83,402.98,412088
300750.SZ,20251010,394.09,396.89,372.1,375.04,533118
300750.SZ,20251013,355.95,377.69,355.95,367.59,471510
300750.SZ,20251014,374.09,378.89,348.86,351.09,496399
300750.SZ,20251015,351.59,362.8,347.85,362.39,369934
300750.SZ,20251016,360.59,366.99,357.59,361.59,276295
300750.SZ,20251017,360.59,368.09,350.08,351.23,319058
300750.SZ,20251020,358.09,361.98,352.62,359.59,284324
300750.SZ,20251021,366.09,374.44,356.19,368.99,446329
300750.SZ,20251022,368.99,371.97,361.29,365.95,219459
300750.SZ,20251023,366.89,371.89,362.09,369.54,239981
300750.SZ,20251024,373.06,380.89,371.09,378.86,320416
300750.SZ,20251027,386.09,386.09,369.66,379.27,404510
300750.SZ,20251028,379.25,386.89,376.11,379.57,287083
300750.SZ,20251029,379.09,393.13,377.79,393.09,344740
300750.SZ,20251030,399.07,402.17,389.92,391.38,343061
300750.SZ,20251031,391.09,399.89,381.29,381.86,340484
300750.SZ,20251103,380.09,385.0,368.86,379.95,263682
300750.SZ,20251104,376.15,379.59,367.09,372.04,239391
300750.SZ,20251105,365.94,386.09,365.09,381.79,311425
300750.SZ,20251106,383.09,392.58,381.79,387.77,234475
300750.SZ,20251107,386.59,390.6,381.97,388.46,165549
300750.SZ,20251110,391.49,393.4,376.41,377.6,238960
300750.SZ,20251111,379.09,387.86,377.59,378.69,193032
300750.SZ,20251112,383.87,386.08,377.07,379.47,212998
300750.SZ,20251113,378.14,414.39,378.14,408.69,562654
300750.SZ,20251114,400.09,407.69,396.97,397.21,241721
300750.SZ,20251117,381.09,385.49,375.59,383.87,476855
300750.SZ,20251118,382.09,391.72,374.09,378.09,395658
300750.SZ,20251119,378.59,391.53,378.05,384.19,292667
300750.SZ,20251120,387.99,388.09,370.1,372.48,336743
300750.SZ,20251121,368.09,376.09,363.09,363.09,316313
300750.SZ,20251124,366.89,367.99,360.27,363.64,228458
300750.SZ,20251125,368.09,372.75,363.68,365.45,206332
300750.SZ,20251126,368.59,368.59,363.16,365.91,189107
300750.SZ,20251127,366.09,371.97,363.09,364.29,222003
300750.SZ,20251128,363.59,368.57,359.25,366.29,203403
300750.SZ,20251201,367.85,376.06,367.12,376.06,267510
300750.SZ,20251202,376.59,378.07,370.49,373.17,163485
300750.SZ,20251203,373.18,376.46,368.09,369.17,139911
300750.SZ,20251204,372.28,376.69,368.24,376.44,191658
300750.SZ,20251205,380.29,382.4,375.09,382.18,232916
300750.SZ,20251208,383.52,388.47,378.59,385.59,216598
300750.SZ,20251209,384.59,385.35,379.09,380.68,186918
300750.SZ,20251210,378.14,381.09,370.35,375.47,194334
300750.SZ,20251211,377.99,391.95,376.47,382.08,282154
300750.SZ,20251212,385.09,386.48,378.59,384.89,240020
300750.SZ,20251215,384.59,388.06,378.3,378.59,182750
300750.SZ,20251216,379.09,382.17,371.12,371.5,191217
300750.SZ,20251217,369.54,377.59,368.15,376.51,222574
300750.SZ,20251218,372.66,374.04,363.1,365.09,296393
300750.SZ,20251219,367.17,370.77,363.89,367.09,175599
300750.SZ,20251222,369.09,371.08,361.19,364.93,254935
300750.SZ,20251223,365.09,373.59,364.69,371.19,236041
300750.SZ,20251224,371.17,371.17,365.09,368.69,210884
300750.SZ,20251225,367.3,367.3,362.21,366.1,203431
300750.SZ,20251226,366.05,371.09,363.19,367.52,257237
300750.SZ,20251229,367.09,367.52,361.09,362.4,241241
300750.SZ,20251230,360.19,364.09,359.65,362.29,190308
300750.SZ,20251231,362.88,365.09,360.24,360.35,160266
300750.SZ,20260105,363.09,371.09,361.28,370.59,336881
300750.SZ,20260106,373.09,373.59,362.13,367.08,341477
300750.SZ,20260107,366.04,368.57,361.58,364.1,262285
300750.SZ,20260108,361.09,366.42,360.09,362.3,269590
300750.SZ,20260109,362.26,370.72,360.1,362.32,314772
300750.SZ,20260112,361.09,361.09,344.75,354.77,488307
300750.SZ,20260113,359.34,360.86,350.09,352.09,296709
300750.SZ,20260114,353.12,354.31,344.8,347.07,380834
300750.SZ,20260115,345.84,351.37,344.89,346.84,323709
300750.SZ,20260116,351.08,354.81,344.6,345.41,319818
300750.SZ,20260119,344.56,348.43,338.42,341.99,338643
300750.SZ,20260120,343.09,350.0,340.99,342.69,354406
300750.SZ,20260121,345.03,350.78,342.09,342.9,393936
300750.SZ,20260122,344.12,346.82,332.59,338.89,459948
300750.SZ,20260123,341.1,343.09,336.34,340.09,339761
300750.SZ,20260126,345.11,345.64,334.3,335.14,332914
300750.SZ,20260127,337.98,337.99,327.11,332.49,322949
300750.SZ,20260128,330.97,337.09,326.1,333.08,463082
300750.SZ,20260129,333.59,338.25,331.25,334.98,338444
300750.SZ,20260130,341.49,346.85,337.19,343.09,486501
300750.SZ,20260202,350.09,351.08,337.22,342.07,391917
300750.SZ,20260203,342.09,345.89,336.59,341.0,265163
300750.SZ,20260204,344.05,359.74,340.6,358.12,485317
300750.SZ,20260205,358.86,359.84,349.11,356.03,284272
300750.SZ,20260206,352.41,365.97,351.1,362.2,393726
300750.SZ,20260209,363.59,365.59,355.69,361.91,274486
300750.SZ,20260210,358.26,363.89,357.09,358.06,185635
300750.SZ,20260211,359.99,364.08,357.59,361.09,196535
300750.SZ,20260212,363.09,370.97,361.12,368.96,277546
300750.SZ,20260213,368.7,370.09,358.1,358.43,223145
300750.SZ,20260224,365.73,366.59,355.04,355.04,226951
300750.SZ,20260225,356.78,359.69,353.19,355.27,187166
300750.SZ,20260226,349.14,351.29,336.59,339.09,435414
300750.SZ,20260227,340.21,342.03,335.1,335.1,254466
300750.SZ,20260302,334.09,337.99,329.77,333.31,283513
300750.SZ,20260303,339.42,347.44,337.12,337.16,400075
300750.SZ,20260304,334.19,335.11,327.29,331.99,250804
300750.SZ,20260305,337.67,346.94,335.75,343.34,310061
300750.SZ,20260306,342.09,350.11,337.75,347.86,209631
300750.SZ,20260309,341.93,352.94,338.15,350.59,317976
300750.SZ,20260310,368.09,372.86,359.59,369.39,507417
300750.SZ,20260311,372.67,396.64,372.07,389.89,575987
300750.SZ,20260312,393.09,393.99,385.79,388.59,291504
300750.SZ,20260313,386.97,397.08,386.89,390.09,355826
300750.SZ,20260316,394.86,406.26,391.09,401.49,373521
300750.SZ,20260317,408.87,413.09,397.65,398.09,359807
300750.SZ,20260318,398.45,399.09,389.86,395.11,265300
300750.SZ,20260319,395.03,407.09,393.09,393.59,292866
300750.SZ,20260320,398.17,415.17,393.22,406.09,537297
300750.SZ,20260323,410.42,410.45,391.84,395.08,446141
300750.SZ,20260324,398.09,404.99,381.09,390.08,364105
300750.SZ,20260325,386.09,393.59,380.89,390.9,267528
300750.SZ,20260326,386.93,406.81,385.09,395.59,267637
300750.SZ,20260327,399.21,411.42,394.82,409.27,302580
300750.SZ,20260330,406.09,411.94,398.69,406.09,253484
300750.SZ,20260331,406.09,410.04,394.67,394.79,249256
300750.SZ,20260401,402.82,402.96,389.09,398.8,231701
300750.SZ,20260402,400.99,405.08,390.29,394.26,223056
300750.SZ,20260403,393.09,393.89,378.22,379.55,247515
300750.SZ,20260407,383.07,386.29,374.58,377.68,172576
300750.SZ,20260408,389.59,390.74,381.31,384.39,364184
300750.SZ,20260409,387.19,387.37,379.75,383.08,259552
300750.SZ,20260410,387.09,412.09,385.77,409.09,507887
300750.SZ,20260413,411.09,426.42,409.09,420.22,412399
300750.SZ,20260414,414.59,425.58,407.49,423.88,442208
300750.SZ,20260415,431.97,432.55,420.16,424.09,373536
300750.SZ,20260416,434.09,453.09,426.11,447.07,635062
300750.SZ,20260417,449.05,450.73,434.1,437.29,365358
300750.SZ,20260420,426.09,430.99,419.1,425.59,529278
300750.SZ,20260421,428.09,443.22,418.19,440.69,577746
300750.SZ,20260422,441.01,447.97,433.13,436.35,460254
300750.SZ,20260423,443.5,443.6,435.0,438.9,354310
300750.SZ,20260424,442.0,448.45,438.0,444.9,395425
300750.SZ,20260427,444.63,448.76,433.8,434.88,330613
300750.SZ,20260428,426.19,433.3,423.0,427.67,350121
300750.SZ,20260429,432.0,445.15,428.0,445.0,376336
300750.SZ,20260430,446.5,449.5,436.0,436.0,298121
300750.SZ,20260506,457.5,465.88,448.63,460.0,473727
300750.SZ,20260507,468.75,468.75,447.0,451.64,386213
300750.SZ,20260508,449.0,455.5,436.2,437.0,366049
300750.SZ,20260511,440.0,450.51,435.1,446.11,341901
300750.SZ,20260512,446.59,446.85,429.29,431.25,341515
300750.SZ,20260513,431.01,436.58,427.08,434.05,316858
300750.SZ,20260514,449.38,450.45,427.0,427.0,347046
300750.SZ,20260515,428.08,431.5,421.0,423.6,297049
300750.SZ,20260518,420.58,422.9,414.0,417.23,284983
300750.SZ,20260519,415.86,419.9,406.8,417.92,260877
300750.SZ,20260520,417.0,422.99,412.66,414.75,281190
